id_employe,nom,prenom,sexe,date_naissance,date_embauche,poste,service,type_contrat,statut,anciennete
1001,Riou,Bertrand,M,1966-02-25,2023-01-24,Ingénieur Système,RH,CDI,Inactif,2
1002,Paris,Jacqueline,F,1979-08-22,2012-10-28,Analyste RH,Finance,CDD,Inactif,13
1003,Gallet,Caroline,F,2001-07-25,2011-12-06,Comptable,Finance,CDI,Inactif,14
1004,Maury,Pauline,F,1966-08-12,2010-12-16,Chef de projet,RH,Intérim,Actif,15
1005,Morin,Gabrielle,F,1980-04-13,2019-01-18,Analyste RH,IT,CDD,Actif,6
1006,Marion,Alexandre,M,2002-08-23,2013-10-31,Développeur,RH,CDD,Actif,12
1007,Auger,Victor,M,2001-07-14,2017-08-02,Chef de projet,RH,CDD,Inactif,8
1008,Vasseur,Sophie,F,1983-05-20,2024-03-21,Analyste RH,Finance,CDD,Inactif,1
1009,Robert,Édouard,M,1993-03-18,2016-03-28,Comptable,Direction,Intérim,Inactif,9
1010,Lopes,Colette,F,1979-02-07,2023-06-10,Développeur,Direction,CDD,Inactif,2
1011,Marques,Caroline,F,1970-10-06,2016-11-29,Ingénieur Système,Direction,CDD,Actif,9
1012,Pereira,Joseph,M,1987-11-10,2020-09-20,Chef de projet,Commercial,CDD,Inactif,5
1013,Aubry,Amélie,F,1995-09-19,2019-07-29,Analyste RH,Direction,CDI,Inactif,6
1014,Denis,Laurent,M,1969-10-24,2019-11-04,Analyste RH,Direction,Intérim,Inactif,6
1015,Cousin,Maryse,F,1977-07-15,2022-06-09,Chef de projet,Direction,CDI,Inactif,3
1016,Muller,Amélie,F,1979-12-17,2023-08-08,Comptable,RH,CDD,Inactif,2
1017,Charpentier,Audrey,F,1980-04-17,2012-03-02,Ingénieur Système,Finance,CDD,Actif,13
1018,Gillet,Laurence,F,1995-04-22,2021-04-07,Analyste RH,Finance,CDI,Actif,4
1019,Marchal,Corinne,F,1989-08-22,2016-06-29,Chef de projet,Commercial,CDI,Inactif,9
1020,Lacroix,Juliette,F,1969-04-23,2020-10-24,Analyste RH,IT,CDD,Actif,5
1021,Bousquet,Denise,F,2000-10-19,2022-11-08,Ingénieur Système,IT,CDI,Inactif,3
1022,Moulin,Édouard,M,1995-11-28,2016-11-26,Ingénieur Système,Direction,CDI,Inactif,9
1023,Dupuy,Geneviève,F,1986-07-09,2023-07-10,Comptable,Finance,CDI,Actif,2
1024,Diallo,Antoine,M,1980-01-15,2024-06-06,Ingénieur Système,Direction,Intérim,Inactif,1
1025,David,Hugues,M,1991-10-02,2015-01-02,Chef de projet,IT,CDD,Inactif,10
1026,François,Franck,M,2003-01-18,2022-08-30,Analyste RH,RH,CDI,Actif,3
1027,Gomes,Franck,M,1998-06-04,2017-03-07,Comptable,RH,Intérim,Actif,8
1028,Weiss,Suzanne,F,1974-03-05,2014-12-15,Développeur,RH,CDI,Inactif,11
1029,Joly,Gérard,M,2002-08-26,2019-08-15,Comptable,Direction,CDD,Inactif,6
1030,Charles,Stéphane,M,1993-08-09,2020-05-17,Analyste RH,RH,Intérim,Actif,5
1031,Alexandre,Jules,M,1979-05-18,2012-10-20,Développeur,Direction,Intérim,Inactif,13
1032,Grégoire,Paul,M,1970-08-21,2023-04-23,Ingénieur Système,RH,CDD,Inactif,2
1033,Rousseau,Bertrand,M,1974-11-07,2021-02-14,Chef de projet,Finance,CDD,Inactif,4
1034,Leroux,Zacharie,M,1993-03-06,2020-08-05,Développeur,IT,Intérim,Actif,5
1035,Andre,Nathalie,F,1990-06-03,2020-08-02,Comptable,IT,CDD,Actif,5
1036,Bigot,Jeannine,F,2002-02-05,2010-08-24,Chef de projet,Finance,Intérim,Inactif,15
1037,Bazin,Bertrand,M,2000-12-28,2023-03-23,Comptable,IT,CDI,Actif,2
1038,Da Costa,Marianne,F,1972-01-16,2015-06-11,Chef de projet,IT,CDD,Actif,10
1039,Gay,Édouard,M,1995-04-30,2010-07-04,Ingénieur Système,Direction,Intérim,Inactif,15
1040,Mace,Julie,F,1998-07-08,2023-05-31,Chef de projet,Direction,CDD,Actif,2
1041,Colin,Philippe,M,1971-09-10,2021-02-01,Comptable,Direction,CDI,Inactif,4
1042,Léger,Timothée,M,1998-12-31,2020-10-23,Développeur,Finance,CDI,Inactif,5
1043,Philippe,Denis,M,1989-11-23,2023-06-04,Développeur,Finance,CDD,Inactif,2
1044,Renard,Adélaïde,F,1986-07-05,2018-10-06,Chef de projet,RH,CDD,Inactif,7
1045,Moreau,Cécile,F,1989-02-24,2024-03-05,Comptable,IT,Intérim,Inactif,1
1046,Le Gall,Isabelle,F,1968-05-23,2014-07-19,Analyste RH,Direction,CDD,Inactif,11
1047,Duhamel,Audrey,F,1970-04-12,2022-11-25,Comptable,RH,Intérim,Actif,3
1048,Vallée,Arthur,M,2000-09-13,2023-06-24,Analyste RH,Commercial,Intérim,Inactif,2
1049,Marchand,Charlotte,F,1996-10-17,2019-10-21,Ingénieur Système,IT,CDI,Actif,6
1050,Gaillard,Julie,F,2000-05-11,2020-10-08,Ingénieur Système,Commercial,CDD,Inactif,5
1051,Briand,Franck,M,2001-02-24,2023-04-20,Développeur,RH,Intérim,Actif,2
1052,Chauveau,Émilie,F,1985-08-30,2017-03-28,Développeur,Direction,CDI,Actif,8
1053,Leconte,Victor,M,1989-11-11,2017-11-26,Développeur,IT,Intérim,Actif,8
1054,Blondel,Stéphanie,F,1972-09-07,2014-09-01,Chef de projet,Direction,CDI,Inactif,11
1055,Jean,Anouk,F,1987-06-17,2010-10-22,Chef de projet,IT,Intérim,Actif,15
1056,Pruvost,Robert,M,1980-02-10,2020-06-17,Chef de projet,Direction,Intérim,Actif,5
1057,Vasseur,Adrien,M,1969-04-13,2022-06-29,Ingénieur Système,Commercial,CDI,Actif,3
1058,Lefort,Anne,F,1980-01-12,2011-08-06,Ingénieur Système,RH,CDI,Actif,14
1059,David,Jacques,M,1969-04-10,2019-03-13,Analyste RH,Finance,CDD,Inactif,6
1060,Gomez,Guillaume,M,1997-06-26,2014-02-04,Développeur,Direction,Intérim,Actif,11
1061,Gimenez,Christelle,F,2003-04-24,2020-04-02,Développeur,Finance,CDI,Actif,5
1062,Reynaud,Jacqueline,F,1996-08-20,2024-03-09,Développeur,Commercial,Intérim,Actif,1
1063,Cordier,Étienne,M,1970-11-14,2012-02-06,Développeur,Commercial,CDI,Actif,13
1064,Delmas,Philippine,F,1988-07-24,2017-08-28,Développeur,RH,CDD,Actif,8
1065,Bouchet,Nicolas,M,1968-02-20,2021-11-27,Ingénieur Système,IT,CDI,Actif,4
1066,Guibert,Tristan,M,1971-02-24,2011-06-25,Analyste RH,Commercial,CDD,Actif,14
1067,Antoine,Jean,M,1971-11-20,2014-09-06,Comptable,Commercial,Intérim,Inactif,11
1068,Olivier,Étienne,M,2000-12-11,2018-01-30,Comptable,RH,Intérim,Inactif,7
1069,Joly,Marcel,M,1976-12-08,2015-03-10,Développeur,Direction,CDI,Actif,10
1070,Pinto,Gérard,M,1969-07-31,2017-12-27,Analyste RH,Direction,Intérim,Actif,8
1071,Dias,Benoît,M,1967-11-23,2021-07-18,Ingénieur Système,Commercial,CDI,Inactif,4
1072,Gimenez,Agathe,F,1970-10-19,2023-04-09,Développeur,IT,Intérim,Actif,2
1073,Gomez,Émile,M,1992-02-09,2018-09-17,Analyste RH,Direction,CDD,Actif,7
1074,Leduc,Frédérique,F,1991-09-28,2011-06-13,Chef de projet,Commercial,CDD,Inactif,14
1075,Gaillard,Laurent,M,1964-08-06,2017-02-02,Développeur,Finance,CDD,Inactif,8
1076,Aubry,Susanne,F,1983-11-11,2017-08-24,Analyste RH,RH,CDD,Inactif,8
1077,Grenier,Véronique,F,1974-12-26,2013-09-05,Analyste RH,Direction,CDD,Actif,12
1078,Collet,Gabrielle,F,1968-06-06,2020-04-20,Comptable,IT,CDI,Actif,5
1079,Guyon,Anne,F,1985-10-16,2011-06-04,Analyste RH,IT,Intérim,Inactif,14
1080,Girard,Valentine,F,1998-09-02,2019-06-27,Comptable,RH,Intérim,Actif,6
1081,Barbier,Andrée,F,1999-01-04,2011-10-24,Analyste RH,Finance,Intérim,Inactif,14
1082,Lemoine,Arthur,M,1969-01-28,2021-12-08,Ingénieur Système,Direction,Intérim,Actif,4
1083,Huet,Luc,M,1972-08-10,2020-02-21,Ingénieur Système,Finance,CDD,Actif,5
1084,Hoarau,Stéphane,M,1967-02-26,2020-12-26,Développeur,Direction,CDI,Actif,5
1085,Faure,Paulette,F,2002-11-30,2019-05-06,Analyste RH,Finance,CDI,Actif,6
1086,Gomes,Josette,F,1978-05-08,2021-11-04,Analyste RH,IT,Intérim,Inactif,4
1087,Auger,Margaux,F,1980-09-10,2014-12-20,Chef de projet,Direction,CDD,Inactif,11
1088,Delaunay,Christelle,F,1984-11-12,2018-03-25,Analyste RH,IT,CDI,Inactif,7
1089,Gomes,Arnaude,F,1965-01-31,2018-03-31,Ingénieur Système,Commercial,Intérim,Inactif,7
1090,Loiseau,Capucine,F,1969-06-08,2019-08-06,Analyste RH,Finance,CDI,Inactif,6
1091,Benoit,Philippe,M,1982-07-01,2012-09-14,Développeur,Direction,CDI,Inactif,13
1092,Lévêque,Arthur,M,1981-01-27,2016-09-26,Comptable,IT,Intérim,Inactif,9
1093,Jacquet,Édouard,M,1994-04-09,2019-09-10,Développeur,Finance,CDD,Inactif,6
1094,Fischer,Madeleine,F,2000-06-11,2010-08-01,Chef de projet,Direction,CDI,Inactif,15
1095,Martineau,Robert,M,1984-10-28,2021-09-26,Chef de projet,IT,CDD,Inactif,4
1096,Duval,Daniel,M,1982-06-13,2012-05-31,Développeur,RH,CDD,Inactif,13
1097,Gautier,Robert,M,1975-01-11,2015-01-31,Ingénieur Système,RH,Intérim,Inactif,10
1098,Carre,Thibaut,M,1978-10-14,2022-08-29,Ingénieur Système,IT,Intérim,Inactif,3
1099,Le Goff,François,M,1982-06-01,2019-01-18,Ingénieur Système,RH,Intérim,Actif,6
1100,Camus,Jeannine,F,1967-11-28,2012-01-08,Analyste RH,Direction,CDD,Actif,13
1101,Couturier,Marcel,M,1983-04-12,2011-03-14,Analyste RH,IT,CDD,Inactif,14
1102,Bernard,Margaret,F,1973-05-09,2021-04-15,Chef de projet,IT,CDI,Actif,4
1103,Charles,Corinne,F,1994-07-08,2019-11-02,Ingénieur Système,Direction,CDD,Actif,6
1104,Munoz,Marcel,M,2002-08-15,2010-08-13,Ingénieur Système,Finance,CDI,Actif,15
1105,Marie,Astrid,F,1974-08-05,2019-09-25,Analyste RH,Commercial,CDI,Actif,6
1106,Da Silva,Michèle,F,2002-01-19,2012-12-20,Comptable,RH,CDD,Actif,13
1107,Perret,Christophe,M,1967-04-19,2015-09-11,Ingénieur Système,Finance,Intérim,Inactif,10
1108,Marchal,Alice,F,1988-10-19,2014-01-09,Analyste RH,Commercial,CDI,Inactif,11
1109,Normand,Jeanne,F,1971-06-12,2016-06-19,Développeur,Commercial,CDI,Inactif,9
1110,Valette,Odette,F,1974-12-20,2014-06-24,Développeur,RH,CDD,Actif,11
1111,Goncalves,Dorothée,F,1992-07-04,2010-11-15,Ingénieur Système,IT,CDI,Inactif,15
1112,Colin,Margaret,F,1992-06-20,2024-02-05,Développeur,IT,Intérim,Inactif,1
1113,Laroche,Gérard,M,1982-08-10,2013-02-27,Chef de projet,Direction,Intérim,Inactif,12
1114,Boutin,Bernard,M,1990-06-26,2011-02-09,Ingénieur Système,Finance,Intérim,Actif,14
1115,Lelièvre,Frédéric,M,1978-01-12,2024-05-05,Analyste RH,Finance,CDI,Actif,1
1116,Jacques,Jérôme,M,1985-03-21,2024-05-29,Comptable,IT,Intérim,Actif,1
1117,Dumas,Hélène,F,1966-01-23,2021-09-05,Chef de projet,Finance,Intérim,Inactif,4
1118,Olivier,Noémi,F,1986-10-15,2015-03-11,Comptable,Direction,CDI,Inactif,10
1119,Muller,Guillaume,M,1988-05-06,2021-05-13,Analyste RH,Commercial,Intérim,Inactif,4
1120,Grégoire,Noémi,F,2000-12-09,2016-01-31,Chef de projet,Finance,CDD,Actif,9
1121,Leroy,Céline,F,1982-03-24,2013-06-27,Comptable,Commercial,Intérim,Actif,12
1122,Blin,Julie,F,1967-01-20,2012-04-17,Chef de projet,Finance,Intérim,Inactif,13
1123,Godard,Martin,M,1987-12-23,2022-11-05,Développeur,Direction,Intérim,Actif,3
1124,Bouvier,Martin,M,1999-04-03,2012-06-01,Comptable,Commercial,CDI,Inactif,13
1125,Collin,Sébastien,M,1977-05-21,2014-10-13,Ingénieur Système,Commercial,CDD,Actif,11
1126,Bertrand,Martin,M,1964-07-26,2019-04-18,Analyste RH,Finance,Intérim,Inactif,6
1127,Tanguy,Zacharie,M,1977-11-10,2016-08-24,Chef de projet,Commercial,Intérim,Inactif,9
1128,Perret,Arthur,M,1986-12-03,2021-01-19,Développeur,RH,CDD,Inactif,4
1129,Bouvier,Vincent,M,1972-12-06,2022-09-11,Développeur,IT,CDI,Inactif,3
1130,Ribeiro,Claude,F,1985-07-01,2021-10-17,Ingénieur Système,IT,Intérim,Actif,4
1131,Lejeune,Marguerite,F,1991-11-01,2022-04-24,Ingénieur Système,Finance,CDD,Inactif,3
1132,Collet,Charlotte,F,1977-07-04,2017-08-08,Analyste RH,IT,CDD,Inactif,8
1133,Chartier,Laurent,M,1976-04-17,2020-12-02,Chef de projet,Commercial,CDD,Inactif,5
1134,Colas,Madeleine,F,1992-02-01,2019-10-09,Analyste RH,Direction,CDI,Actif,6
1135,Martin,Henri,M,1983-12-23,2014-01-10,Comptable,RH,CDI,Inactif,11
1136,Perret,Margot,F,1996-02-04,2017-12-19,Ingénieur Système,IT,CDI,Inactif,8
1137,Pichon,Frédérique,F,1999-03-28,2018-07-02,Comptable,Direction,CDI,Inactif,7
1138,Guyon,Émile,M,1970-03-22,2015-04-12,Analyste RH,Direction,Intérim,Actif,10
1139,Buisson,Vincent,M,1987-04-06,2012-01-15,Analyste RH,RH,Intérim,Actif,13
1140,Hamel,Georges,M,1985-07-29,2014-04-09,Développeur,Finance,Intérim,Actif,11
1141,Philippe,Claudine,F,1966-02-11,2011-03-28,Comptable,RH,CDD,Inactif,14
1142,Moulin,Thérèse,F,1969-05-29,2018-03-13,Analyste RH,IT,CDD,Actif,7
1143,Legros,Élise,F,1990-07-31,2018-11-10,Développeur,Finance,CDD,Actif,7
1144,Alexandre,Gérard,M,1974-06-29,2021-08-11,Analyste RH,IT,CDI,Inactif,4
1145,Lagarde,Adrien,M,1971-09-15,2023-09-10,Ingénieur Système,IT,Intérim,Actif,2
1146,Lamy,Frédéric,M,1976-06-02,2024-02-17,Développeur,Commercial,CDD,Inactif,1
1147,Grenier,Raymond,M,1996-01-24,2011-04-22,Chef de projet,Finance,Intérim,Inactif,14
1148,Pascal,Jeanne,F,1972-09-16,2018-03-20,Analyste RH,Commercial,CDI,Actif,7
1149,Lucas,Susan,F,2000-08-05,2019-12-17,Comptable,IT,Intérim,Inactif,6
1150,Valentin,Hugues,M,1994-07-27,2020-11-14,Comptable,IT,CDI,Actif,5
1151,Fouquet,Claude,F,1993-06-28,2019-10-09,Comptable,IT,Intérim,Actif,6
1152,Cohen,Constance,F,1996-10-02,2018-02-08,Analyste RH,Commercial,CDI,Actif,7
1153,Poirier,Jeanne,F,1983-04-28,2023-06-24,Analyste RH,IT,Intérim,Actif,2
1154,Merle,Véronique,F,1980-09-24,2015-02-14,Comptable,RH,CDI,Inactif,10
1155,Besnard,Auguste,M,1983-11-23,2014-06-10,Comptable,Commercial,CDI,Inactif,11
1156,Maillard,Margaret,F,1986-03-17,2019-08-22,Comptable,IT,CDD,Actif,6
1157,Faure,Daniel,M,1974-09-18,2014-05-21,Comptable,Finance,CDI,Actif,11
1158,Jacob,Denis,M,1979-01-04,2011-07-18,Analyste RH,IT,Intérim,Inactif,14
1159,Legros,Lucas,M,1986-12-20,2019-09-06,Développeur,Finance,Intérim,Actif,6
1160,Turpin,Patricia,F,1968-09-08,2013-12-20,Chef de projet,RH,CDI,Actif,12
1161,De Oliveira,Nath,F,1965-10-12,2023-06-23,Comptable,Finance,CDI,Inactif,2
1162,Bruneau,Laurent,M,1996-11-28,2010-07-20,Développeur,Finance,CDI,Actif,15
1163,Benard,Lucy,F,1990-12-28,2017-07-30,Chef de projet,Commercial,CDI,Inactif,8
1164,Tanguy,Geneviève,F,1997-09-04,2014-03-08,Ingénieur Système,Finance,Intérim,Inactif,11
1165,Maillard,Renée,F,1997-07-01,2010-12-11,Analyste RH,IT,CDD,Actif,15
1166,Perrier,Maggie,F,1991-12-19,2022-10-08,Développeur,Commercial,CDI,Actif,3
1167,Gaillard,Suzanne,F,1973-02-19,2021-01-13,Comptable,Commercial,CDD,Inactif,4
1168,Joubert,Alexandrie,F,1991-04-07,2020-07-08,Chef de projet,IT,CDD,Actif,5
1169,Thibault,Vincent,M,1966-04-18,2011-11-17,Développeur,Finance,CDD,Actif,14
1170,Weiss,Pénélope,F,1973-09-07,2018-04-21,Analyste RH,IT,CDD,Actif,7
1171,Vidal,Anaïs,F,1982-02-26,2016-11-24,Analyste RH,Direction,Intérim,Actif,9
1172,Millet,Frédérique,F,1995-05-24,2016-01-04,Ingénieur Système,Finance,CDD,Actif,9
1173,Marques,Monique,F,1983-05-22,2023-03-30,Développeur,IT,Intérim,Inactif,2
1174,De Oliveira,Jeannine,F,1970-01-09,2018-06-14,Chef de projet,Direction,Intérim,Actif,7
1175,Moreau,Anastasie,F,1988-04-07,2014-04-07,Développeur,Finance,CDI,Inactif,11
1176,Delahaye,Antoinette,F,1967-03-11,2023-04-13,Ingénieur Système,RH,CDI,Actif,2
1177,Martinez,Jeanne,F,1978-01-07,2010-10-18,Ingénieur Système,RH,CDI,Inactif,15
1178,Loiseau,Colette,F,1980-09-07,2012-08-06,Ingénieur Système,RH,Intérim,Inactif,13
1179,Reynaud,Xavier,M,1972-03-27,2020-01-17,Chef de projet,Direction,CDI,Actif,5
1180,Carpentier,Nicolas,M,1981-11-20,2023-07-01,Chef de projet,Direction,CDI,Actif,2
1181,Tessier,Danielle,F,1972-03-30,2023-09-07,Chef de projet,Commercial,CDI,Inactif,2
1182,Goncalves,Marcelle,F,1971-10-22,2020-04-17,Analyste RH,Commercial,CDD,Inactif,5
1183,Michel,Honoré,M,1989-12-28,2017-03-13,Chef de projet,IT,CDD,Inactif,8
1184,Auger,Élodie,F,1969-08-15,2020-07-10,Comptable,Commercial,CDD,Inactif,5
1185,Blot,Jacqueline,F,1971-05-21,2022-04-24,Comptable,IT,CDI,Actif,3
1186,Leleu,Henri,M,1972-09-08,2023-12-30,Chef de projet,Finance,CDD,Inactif,2
1187,Moreno,Alphonse,M,1988-01-29,2019-07-07,Développeur,Direction,CDD,Actif,6
1188,Gilbert,Michèle,F,1969-02-21,2019-01-21,Ingénieur Système,Direction,Intérim,Actif,6
1189,Jourdan,Jean,M,1965-04-24,2017-08-06,Chef de projet,Direction,Intérim,Inactif,8
1190,Camus,Bernard,M,1993-12-14,2016-08-11,Chef de projet,Commercial,Intérim,Actif,9
1191,Bousquet,Michel,M,1974-11-11,2017-11-10,Développeur,Direction,CDI,Actif,8
1192,Schmitt,Raymond,M,1982-10-30,2020-12-05,Comptable,Finance,CDD,Inactif,5
1193,Tanguy,Valérie,F,1996-02-01,2017-11-10,Comptable,Direction,Intérim,Inactif,8
1194,Foucher,Juliette,F,1986-05-20,2014-08-17,Chef de projet,IT,CDI,Inactif,11
1195,Fernandez,Guillaume,M,1995-02-16,2014-08-07,Ingénieur Système,Finance,CDD,Inactif,11
1196,Hamel,Nicolas,M,2003-03-25,2020-10-31,Développeur,Commercial,CDD,Inactif,5
1197,Laroche,Laurent,M,1987-05-06,2010-12-09,Analyste RH,Direction,CDD,Inactif,15
1198,Costa,Marguerite,F,1976-10-28,2018-09-29,Chef de projet,Finance,Intérim,Actif,7
1199,Lecomte,Marthe,F,1982-01-12,2016-03-28,Ingénieur Système,RH,CDD,Inactif,9
1200,Guyot,Laure,F,2002-04-10,2010-08-16,Analyste RH,Finance,CDI,Actif,15
1201,Blondel,Élisabeth,F,1970-04-11,2014-07-22,Comptable,IT,Intérim,Inactif,11
1202,Fouquet,Lucas,M,1997-09-12,2019-11-23,Chef de projet,RH,CDI,Actif,6
1203,Thierry,Isabelle,F,1996-11-06,2021-06-09,Analyste RH,Finance,Intérim,Inactif,4
1204,Mendès,Victoire,F,1994-12-13,2023-12-10,Développeur,Commercial,CDD,Actif,2
1205,Durand,Bernadette,F,1984-06-22,2014-03-21,Développeur,Commercial,CDD,Inactif,11
1206,Lebon,Jacqueline,F,1985-04-15,2021-09-29,Chef de projet,Commercial,CDD,Actif,4
1207,Blin,Michèle,F,1996-08-27,2019-11-13,Chef de projet,Commercial,Intérim,Inactif,6
1208,Laporte,Marie,F,1993-05-28,2023-02-21,Développeur,RH,Intérim,Actif,2
1209,Dias,Jacques,M,1988-05-23,2022-05-29,Analyste RH,Direction,CDD,Inactif,3
1210,De Sousa,Grégoire,M,1985-04-26,2014-09-23,Développeur,Direction,Intérim,Actif,11
1211,Grondin,Célina,F,1977-07-22,2015-10-26,Ingénieur Système,Commercial,Intérim,Actif,10
1212,Mathieu,Éléonore,F,1977-06-26,2014-02-17,Chef de projet,RH,CDI,Actif,11
1213,Rousset,Olivier,M,1983-04-08,2022-10-11,Comptable,Finance,Intérim,Inactif,3
1214,Pruvost,Rémy,M,1983-09-16,2012-02-28,Comptable,IT,Intérim,Inactif,13
1215,Leclercq,William,M,1979-12-07,2016-08-03,Comptable,RH,CDD,Inactif,9
1216,Colin,Madeleine,F,1965-05-31,2022-06-30,Comptable,Finance,CDI,Actif,3
1217,Joubert,Charlotte,F,1983-02-13,2011-03-23,Chef de projet,Direction,Intérim,Inactif,14
1218,Vincent,Luce,F,1973-01-16,2021-04-20,Analyste RH,IT,CDD,Inactif,4
1219,Chrétien,Patrick,M,1971-06-07,2010-08-29,Analyste RH,Commercial,CDD,Inactif,15
1220,Baudry,Guy,M,1996-05-23,2018-08-05,Développeur,Direction,CDI,Inactif,7
1221,Besnard,Marianne,F,1976-12-30,2011-04-29,Ingénieur Système,IT,CDI,Inactif,14
1222,Fleury,Olivier,M,1972-03-19,2024-06-08,Chef de projet,Commercial,Intérim,Inactif,1
1223,François,Luc,M,1997-11-30,2011-09-17,Comptable,RH,CDI,Actif,14
1224,Verdier,Thomas,M,1968-02-06,2013-01-11,Comptable,RH,Intérim,Actif,12
1225,Gérard,Madeleine,F,1970-04-01,2014-09-03,Comptable,IT,CDD,Inactif,11
1226,Lemaire,Roger,M,1992-10-09,2020-10-06,Ingénieur Système,IT,CDI,Actif,5
1227,Godard,Thierry,M,1979-10-23,2023-08-24,Ingénieur Système,IT,CDD,Actif,2
1228,Barbe,Monique,F,1995-02-09,2017-12-24,Comptable,RH,Intérim,Actif,8
1229,Léger,Pénélope,F,1985-03-26,2020-02-15,Chef de projet,Direction,CDD,Actif,5
1230,Legendre,Antoine,M,1971-03-16,2023-06-05,Développeur,Finance,Intérim,Actif,2
1231,Guillaume,Frédérique,F,1982-06-17,2021-09-07,Ingénieur Système,IT,CDD,Actif,4
1232,Faure,Édouard,M,1980-10-09,2013-05-29,Analyste RH,Finance,CDD,Actif,12
1233,Courtois,Auguste,M,1975-02-07,2010-06-30,Chef de projet,Finance,CDI,Inactif,15
1234,Lejeune,Maurice,M,1996-06-05,2015-05-28,Comptable,RH,CDD,Actif,10
1235,David,Gabriel,M,1984-01-21,2022-06-23,Chef de projet,IT,Intérim,Inactif,3
1236,Carre,Susanne,F,1969-04-18,2022-02-22,Ingénieur Système,IT,CDI,Inactif,3
1237,Rey,Gilles,M,1977-11-29,2017-09-06,Comptable,Finance,CDI,Inactif,8
1238,Noël,Hélène,F,1974-08-04,2014-12-20,Comptable,Direction,Intérim,Actif,11
1239,Blanchard,Auguste,M,1968-07-05,2013-04-10,Analyste RH,IT,Intérim,Inactif,12
1240,Le Gall,Théophile,M,2003-03-09,2015-05-12,Comptable,Finance,CDD,Actif,10
1241,Navarro,Charles,M,1996-05-06,2022-03-02,Ingénieur Système,IT,CDD,Inactif,3
1242,Bailly,Luc,M,1982-12-23,2018-12-18,Ingénieur Système,RH,CDD,Inactif,7
1243,Gimenez,Virginie,F,1994-03-29,2011-10-26,Analyste RH,Direction,CDI,Actif,14
1244,Joseph,Alice,F,1993-11-07,2022-12-12,Développeur,IT,CDD,Actif,3
1245,Breton,Thibaut,M,1981-06-27,2010-11-21,Analyste RH,IT,Intérim,Inactif,15
1246,Robin,Henriette,F,1965-11-11,2023-06-18,Analyste RH,Direction,CDD,Actif,2
1247,Maillet,Grégoire,M,1967-03-10,2023-06-07,Analyste RH,Finance,CDI,Actif,2
1248,Boulay,Emmanuel,M,1996-06-20,2019-04-12,Comptable,Commercial,CDI,Actif,6
1249,Gilles,Matthieu,M,1983-05-19,2013-07-15,Ingénieur Système,RH,CDD,Inactif,12
1250,Mary,Martin,M,1997-11-29,2012-01-01,Ingénieur Système,Direction,CDD,Actif,13
1251,Lelièvre,Jérôme,M,1992-03-28,2016-02-14,Analyste RH,RH,CDI,Inactif,9
1252,Lebrun,Caroline,F,1975-05-25,2016-01-23,Ingénieur Système,IT,CDI,Actif,9
1253,Bouchet,Paul,M,1984-01-24,2021-09-21,Ingénieur Système,Finance,CDI,Inactif,4
1254,Maréchal,Robert,M,1966-12-13,2018-03-10,Comptable,Direction,Intérim,Inactif,7
1255,Blanc,Hugues,M,1981-08-17,2015-12-13,Développeur,Direction,Intérim,Actif,10
1256,Ferreira,Luc,M,1999-06-21,2010-06-21,Développeur,RH,CDI,Actif,15
1257,Descamps,Richard,M,1995-11-21,2017-06-24,Comptable,RH,CDD,Inactif,8
1258,Vincent,Élisabeth,F,1999-09-24,2016-08-09,Analyste RH,RH,CDD,Inactif,9
1259,Loiseau,Paul,M,1994-07-13,2023-05-19,Ingénieur Système,Direction,Intérim,Actif,2
1260,Roux,Emmanuelle,F,1982-08-16,2019-10-17,Analyste RH,IT,CDD,Actif,6
1261,Payet,Guy,M,1994-04-07,2022-04-30,Comptable,Commercial,CDI,Actif,3
1262,Vallée,Charles,M,1966-06-01,2021-03-02,Analyste RH,Direction,CDD,Actif,4
1263,Raynaud,Georges,M,1975-03-25,2015-09-26,Chef de projet,Direction,CDD,Inactif,10
1264,Courtois,Agathe,F,2002-01-12,2017-05-23,Ingénieur Système,Commercial,CDI,Inactif,8
1265,Morin,Hélène,F,1972-03-04,2018-04-20,Comptable,RH,Intérim,Actif,7
1266,Lemaire,Colette,F,1998-05-14,2022-08-22,Comptable,Direction,Intérim,Inactif,3
1267,Klein,Dominique,F,1983-01-22,2017-07-08,Comptable,Commercial,CDD,Inactif,8
1268,Guillet,Sylvie,F,1981-01-13,2018-03-22,Comptable,Commercial,CDD,Inactif,7
1269,Courtois,Claudine,F,1990-07-22,2013-09-10,Ingénieur Système,Direction,Intérim,Inactif,12
1270,Joseph,Dominique,F,1973-09-27,2011-08-21,Chef de projet,Direction,CDD,Actif,14
1271,Baron,Patricia,F,1987-07-31,2023-11-07,Comptable,Commercial,CDD,Actif,2
1272,Guillou,Juliette,F,1964-08-16,2015-04-06,Analyste RH,Direction,Intérim,Actif,10
1273,Pages,Lucy,F,1997-10-09,2012-12-23,Ingénieur Système,RH,CDI,Actif,13
1274,Cohen,René,M,1997-05-30,2016-04-27,Chef de projet,Finance,CDI,Actif,9
1275,Le Roux,Michelle,F,1995-06-09,2015-12-04,Comptable,Finance,Intérim,Actif,10
1276,Roche,Georges,M,2003-05-13,2016-12-18,Analyste RH,Commercial,Intérim,Inactif,9
1277,Rey,Lucas,M,1967-06-03,2015-11-12,Développeur,IT,CDI,Actif,10
1278,Vallet,Thérèse,F,1990-05-24,2017-01-07,Ingénieur Système,Commercial,CDD,Inactif,8
1279,Dupré,Victor,M,1974-10-20,2018-11-16,Analyste RH,Commercial,CDI,Actif,7
1280,Da Silva,Christophe,M,1998-08-19,2020-06-28,Ingénieur Système,RH,CDI,Actif,5
1281,Rémy,Capucine,F,1994-05-31,2012-02-23,Chef de projet,IT,CDD,Inactif,13
1282,Laine,Michel,M,1965-06-30,2022-09-28,Ingénieur Système,Commercial,CDI,Inactif,3
1283,Meunier,Odette,F,1974-12-15,2011-09-21,Comptable,Commercial,CDI,Inactif,14
1284,Lelièvre,Gilles,M,1987-06-28,2021-01-19,Analyste RH,Finance,Intérim,Inactif,4
1285,Jacquot,Nicole,F,1969-12-01,2016-01-15,Ingénieur Système,Finance,Intérim,Inactif,9
1286,Parent,Monique,F,1985-12-31,2021-02-10,Ingénieur Système,Finance,CDI,Inactif,4
1287,Wagner,Patrick,M,2001-04-08,2011-01-23,Ingénieur Système,RH,CDD,Actif,14
1288,Maurice,Antoinette,F,1980-06-05,2021-03-09,Analyste RH,Finance,CDI,Actif,4
1289,Pottier,Louise,F,1979-12-07,2023-02-26,Développeur,Direction,Intérim,Actif,2
1290,Robin,Martin,M,1971-02-24,2023-05-21,Chef de projet,Commercial,Intérim,Actif,2
1291,Couturier,Benoît,M,1994-08-23,2013-04-12,Ingénieur Système,RH,CDI,Actif,12
1292,Lemonnier,Lucy,F,1966-06-03,2011-03-26,Comptable,Commercial,CDD,Inactif,14
1293,Germain,Antoine,M,1984-05-31,2016-07-19,Chef de projet,RH,CDD,Inactif,9
1294,Besson,Martin,M,1974-05-11,2014-08-09,Chef de projet,Commercial,CDD,Actif,11
1295,Laporte,Lucas,M,2002-12-18,2022-01-18,Développeur,RH,Intérim,Actif,3
1296,Arnaud,Émile,M,1976-05-13,2011-10-17,Comptable,Commercial,Intérim,Inactif,14
1297,Bourdon,Monique,F,1980-11-02,2018-12-01,Chef de projet,IT,CDI,Inactif,7
1298,Guillon,David,M,1980-04-02,2018-04-18,Comptable,Finance,CDD,Inactif,7
1299,Diaz,Joséphine,F,1995-09-22,2014-10-17,Chef de projet,Finance,Intérim,Actif,11
1300,Martineau,Adrienne,F,1996-02-10,2015-05-06,Développeur,Direction,CDD,Actif,10
1301,Labbé,Constance,F,1969-06-23,2017-12-18,Développeur,Commercial,Intérim,Actif,8
1302,Barre,Théodore,M,1984-10-22,2021-04-27,Analyste RH,Finance,Intérim,Inactif,4
1303,Lamy,Gilbert,M,1995-07-16,2015-08-04,Analyste RH,RH,CDD,Actif,10
1304,Philippe,Léon,M,1997-05-02,2012-04-06,Analyste RH,RH,Intérim,Actif,13
1305,Gomez,Laurent,M,2003-05-16,2016-07-22,Comptable,IT,CDD,Inactif,9
1306,Bruneau,William,M,1984-07-17,2010-10-28,Analyste RH,Direction,CDD,Inactif,15
1307,Delmas,Nicole,F,1983-02-17,2010-08-03,Chef de projet,RH,CDD,Actif,15
1308,Moreno,Anaïs,F,1998-04-03,2015-04-27,Développeur,Commercial,CDI,Actif,10
1309,Diallo,Gabriel,M,1988-06-04,2014-03-05,Ingénieur Système,Commercial,CDD,Actif,11
1310,Bousquet,Étienne,M,1981-07-04,2021-12-24,Chef de projet,Commercial,CDI,Actif,4
1311,Faivre,Christine,F,1971-01-24,2021-02-14,Comptable,Finance,CDI,Inactif,4
1312,Imbert,Alice,F,1985-06-22,2023-11-13,Analyste RH,Commercial,CDI,Actif,2
1313,Besnard,Alfred,M,1989-04-12,2022-11-28,Comptable,Commercial,CDI,Inactif,3
1314,Payet,Bernadette,F,1984-07-14,2016-01-04,Analyste RH,Direction,CDD,Inactif,9
1315,Letellier,Marc,M,1976-05-27,2013-11-12,Comptable,Commercial,CDI,Inactif,12
1316,Payet,Mathilde,F,2000-07-29,2018-12-27,Analyste RH,IT,Intérim,Inactif,7
1317,Maillard,Danielle,F,1981-12-09,2018-08-25,Analyste RH,IT,CDI,Inactif,7
1318,Collet,Jean,M,1972-04-15,2018-06-02,Comptable,Direction,Intérim,Actif,7
1319,Sanchez,David,M,1979-10-21,2021-12-15,Ingénieur Système,RH,CDD,Inactif,4
1320,Ramos,Yves,M,1991-06-30,2024-02-20,Analyste RH,Direction,CDD,Actif,1
1321,Pascal,Mathilde,F,1970-08-06,2023-11-26,Ingénieur Système,IT,CDI,Inactif,2
1322,Delaunay,Aimé,M,1982-06-13,2019-07-31,Comptable,IT,Intérim,Inactif,6
1323,Denis,Susanne,F,1989-07-14,2021-11-23,Développeur,Commercial,Intérim,Actif,4
1324,Bouvet,Yves,M,1982-04-17,2020-05-24,Chef de projet,Finance,CDI,Actif,5
1325,Weber,Michelle,F,1971-10-28,2021-12-06,Ingénieur Système,Finance,CDI,Inactif,4
1326,Rey,Sylvie,F,1966-02-25,2020-12-27,Analyste RH,Commercial,Intérim,Inactif,5
1327,Guilbert,Isaac,M,1979-07-08,2021-06-20,Chef de projet,Finance,CDD,Actif,4
1328,Andre,Susan,F,1985-01-05,2021-06-30,Comptable,RH,CDI,Actif,4
1329,Lejeune,Bertrand,M,1973-12-18,2011-03-22,Analyste RH,Finance,CDD,Actif,14
1330,Morel,Madeleine,F,1997-12-22,2012-06-04,Ingénieur Système,IT,CDD,Inactif,13
1331,Pereira,Inès,F,2001-01-11,2012-10-03,Comptable,Commercial,CDI,Actif,13
1332,Chevallier,Susanne,F,1989-09-12,2021-11-09,Comptable,RH,CDI,Actif,4
1333,Bernier,Paulette,F,1974-12-19,2017-07-05,Développeur,Direction,Intérim,Inactif,8
1334,Bègue,Capucine,F,1997-10-01,2020-12-03,Chef de projet,RH,CDD,Actif,5
1335,Cordier,Laurence,F,1966-09-05,2022-03-12,Comptable,RH,CDD,Inactif,3
1336,Lemaître,Franck,M,1994-08-16,2018-01-06,Ingénieur Système,IT,CDD,Actif,7
1337,Huet,Maryse,F,1971-03-19,2022-02-11,Chef de projet,Finance,CDD,Actif,3
1338,Tessier,Martine,F,1968-07-27,2017-03-22,Développeur,IT,CDI,Actif,8
1339,Baron,Élisabeth,F,1972-10-06,2018-03-09,Analyste RH,Direction,CDI,Inactif,7
1340,Robin,Vincent,M,1978-11-19,2021-05-14,Comptable,Finance,Intérim,Actif,4
1341,Riou,Théophile,M,1965-11-26,2011-04-24,Chef de projet,RH,CDD,Inactif,14
1342,Le Roux,Gérard,M,1973-01-07,2023-11-03,Développeur,RH,CDI,Actif,2
1343,Moreno,François,M,1969-02-13,2023-06-20,Analyste RH,Finance,Intérim,Inactif,2
1344,Lenoir,François,M,1979-02-23,2024-04-13,Comptable,Commercial,Intérim,Actif,1
1345,Rey,Margot,F,1974-06-29,2023-11-13,Analyste RH,Commercial,Intérim,Actif,2
1346,Godard,Adrien,M,1983-04-27,2012-11-29,Ingénieur Système,Commercial,CDD,Inactif,13
1347,Dumont,Richard,M,1981-07-05,2024-01-13,Analyste RH,Direction,CDD,Inactif,1
1348,Roger,Bertrand,M,1966-03-16,2012-09-09,Comptable,RH,Intérim,Actif,13
1349,Garcia,Joseph,M,1980-08-22,2020-06-20,Chef de projet,Finance,CDD,Inactif,5
1350,Breton,Agnès,F,1976-04-22,2014-12-18,Analyste RH,RH,CDI,Inactif,11
1351,Roux,Christophe,M,1993-02-05,2019-05-26,Comptable,Commercial,CDI,Inactif,6
1352,Noël,Anouk,F,1996-11-10,2018-01-28,Comptable,Finance,CDI,Actif,7
1353,Merle,Jules,M,1999-05-18,2020-07-19,Développeur,RH,Intérim,Actif,5
1354,Nicolas,Stéphanie,F,1998-09-26,2014-03-21,Comptable,IT,CDD,Inactif,11
1355,Bonneau,Alphonse,M,1999-12-08,2015-08-01,Développeur,Commercial,CDD,Actif,10
1356,Albert,Alix,F,1968-08-03,2018-08-07,Chef de projet,RH,CDI,Inactif,7
1357,Maréchal,Marcel,M,1971-10-19,2018-10-16,Développeur,Finance,Intérim,Actif,7
1358,Mendès,Matthieu,M,1969-06-14,2011-10-29,Chef de projet,Commercial,CDD,Actif,14
1359,Lebrun,Thibaut,M,1974-07-18,2011-07-27,Analyste RH,IT,CDI,Inactif,14
1360,Marchand,Guillaume,M,2001-10-07,2022-07-26,Comptable,IT,Intérim,Actif,3
1361,Germain,Monique,F,2000-07-22,2015-06-20,Comptable,Direction,Intérim,Actif,10
1362,De Sousa,Claude,F,1993-09-22,2012-02-20,Chef de projet,RH,CDI,Actif,13
1363,Boutin,Céline,F,2001-12-20,2022-09-18,Développeur,Direction,CDD,Actif,3
1364,Fabre,Martin,M,1995-03-07,2014-05-03,Développeur,Commercial,CDI,Actif,11
1365,Pasquier,Jean,M,1995-04-24,2017-03-26,Chef de projet,IT,CDD,Inactif,8
1366,Legros,Benoît,M,1985-09-20,2017-09-16,Chef de projet,IT,Intérim,Inactif,8
1367,Bouvier,Joséphine,F,1989-12-03,2013-01-17,Ingénieur Système,Direction,CDD,Inactif,12
1368,Torres,Thérèse,F,1969-01-07,2012-01-01,Développeur,Direction,CDD,Inactif,13
1369,Clément,Bernadette,F,1993-11-03,2012-02-04,Chef de projet,Commercial,CDI,Actif,13
1370,Vallet,Julien,M,1973-04-22,2019-12-01,Analyste RH,IT,CDI,Actif,6
1371,Lopez,Théodore,M,2002-09-01,2020-01-03,Analyste RH,Direction,CDI,Actif,5
1372,Boulanger,Chantal,F,1992-05-28,2016-06-19,Développeur,RH,CDD,Actif,9
1373,Chartier,Pauline,F,1967-12-14,2015-05-06,Développeur,Direction,CDI,Inactif,10
1374,Brunel,Marcelle,F,1988-05-19,2012-03-18,Chef de projet,RH,CDI,Inactif,13
1375,Verdier,Claude,F,1978-12-05,2013-01-30,Développeur,Direction,CDD,Inactif,12
1376,Descamps,Olivier,M,1979-09-17,2012-04-16,Développeur,IT,CDI,Inactif,13
1377,Marty,Michèle,F,1972-04-08,2023-06-04,Analyste RH,Commercial,CDI,Actif,2
1378,Lopes,Sébastien,M,1979-11-04,2024-03-07,Chef de projet,Commercial,CDD,Actif,1
1379,Gilbert,Roger,M,2002-05-03,2010-11-24,Comptable,Direction,CDI,Actif,15
1380,Raynaud,Vincent,M,1982-08-26,2010-12-10,Comptable,Commercial,Intérim,Actif,15
1381,Arnaud,Laetitia,F,1985-06-23,2016-03-25,Analyste RH,RH,CDI,Actif,9
1382,Marty,Adrien,M,1976-10-17,2012-11-20,Comptable,Commercial,CDD,Actif,13
1383,Moreno,Noémi,F,1969-03-09,2012-11-11,Ingénieur Système,Direction,Intérim,Inactif,13
1384,Traore,Timothée,M,1966-07-15,2012-01-05,Chef de projet,Finance,Intérim,Actif,13
1385,Letellier,Gabrielle,F,1990-01-19,2017-08-04,Ingénieur Système,RH,Intérim,Inactif,8
1386,De Sousa,Marianne,F,1975-03-01,2016-09-29,Développeur,RH,Intérim,Inactif,9
1387,Langlois,Marguerite,F,2003-01-28,2020-08-04,Ingénieur Système,Finance,Intérim,Actif,5
1388,Clément,Anastasie,F,1975-01-14,2013-02-16,Chef de projet,RH,CDD,Inactif,12
1389,Faivre,Thierry,M,1967-11-02,2021-11-30,Comptable,Direction,Intérim,Inactif,4
1390,Faure,Grégoire,M,1994-08-09,2021-09-17,Analyste RH,Direction,Intérim,Actif,4
1391,Lamy,Patrick,M,1994-07-14,2017-06-30,Chef de projet,Commercial,CDI,Inactif,8
1392,Maillard,Gabrielle,F,1999-04-26,2012-05-21,Comptable,Direction,CDI,Actif,13
1393,Barre,Philippine,F,1971-12-31,2015-04-09,Analyste RH,Finance,Intérim,Actif,10
1394,Potier,Véronique,F,2000-04-23,2021-10-19,Développeur,Commercial,CDI,Actif,4
1395,Le Gall,Amélie,F,1979-06-17,2017-03-05,Développeur,RH,CDD,Actif,8
1396,Joseph,Andrée,F,1964-12-22,2013-12-05,Analyste RH,RH,CDI,Inactif,12
1397,Hernandez,Frédérique,F,1973-10-15,2023-06-14,Comptable,IT,CDD,Inactif,2
1398,Adam,Luce,F,1986-10-12,2012-06-28,Analyste RH,Commercial,CDD,Inactif,13
1399,Robert,Paul,M,1993-10-03,2013-06-09,Ingénieur Système,IT,CDD,Actif,12
1400,Dumont,Laurent,M,2000-09-10,2022-06-03,Ingénieur Système,RH,CDI,Actif,3
1401,Rolland,Camille,F,2002-06-22,2021-10-25,Comptable,Finance,Intérim,Inactif,4
1402,Monnier,Arnaude,F,1991-06-22,2023-01-27,Chef de projet,RH,CDI,Actif,2
1403,Dupont,Renée,F,1965-09-22,2018-04-09,Analyste RH,RH,Intérim,Inactif,7
1404,Garnier,Hugues,M,1993-08-30,2020-03-15,Analyste RH,Commercial,CDI,Inactif,5
1405,Lebon,Patricia,F,1984-02-25,2012-05-29,Ingénieur Système,Commercial,CDD,Actif,13
1406,Lebon,Aimée,F,1986-07-21,2013-05-16,Comptable,IT,Intérim,Inactif,12
1407,Maurice,Michel,M,1989-01-27,2011-12-13,Analyste RH,IT,CDD,Actif,14
1408,Nguyen,Bernard,M,1981-01-03,2017-11-11,Comptable,Direction,Intérim,Inactif,8
1409,Pruvost,Noémi,F,2000-02-09,2011-10-15,Ingénieur Système,Finance,Intérim,Inactif,14
1410,Delaunay,Honoré,M,1987-07-22,2014-03-21,Ingénieur Système,Commercial,CDD,Inactif,11
1411,Le Roux,Denise,F,1969-08-25,2019-02-19,Analyste RH,Finance,CDD,Actif,6
1412,Couturier,Bertrand,M,2000-07-23,2019-02-15,Développeur,Finance,Intérim,Actif,6
1413,Leclercq,Marine,F,1988-05-05,2022-10-28,Chef de projet,Direction,CDD,Inactif,3
1414,Imbert,Claudine,F,1980-07-12,2012-03-13,Analyste RH,IT,Intérim,Actif,13
1415,Rodrigues,Joséphine,F,1977-11-16,2013-05-27,Ingénieur Système,IT,Intérim,Inactif,12
1416,Marion,Denis,M,1969-07-30,2013-06-18,Comptable,IT,Intérim,Actif,12
1417,Leleu,Virginie,F,1996-01-09,2023-04-14,Développeur,Finance,CDI,Inactif,2
1418,Thibault,Sophie,F,2002-11-12,2021-05-22,Analyste RH,Finance,CDI,Actif,4
1419,Bousquet,Thierry,M,1986-06-12,2021-02-13,Chef de projet,Commercial,Intérim,Actif,4
1420,Gomes,Clémence,F,1994-05-18,2011-08-12,Analyste RH,RH,CDD,Inactif,14
1421,Lelièvre,Simone,F,1985-01-21,2023-12-31,Comptable,Direction,Intérim,Inactif,2
1422,Paris,Théodore,M,1968-04-10,2016-06-08,Développeur,Direction,Intérim,Actif,9
1423,Guillou,Arnaude,F,1985-07-29,2018-04-22,Ingénieur Système,Commercial,Intérim,Actif,7
1424,Sauvage,Alfred,M,1968-04-28,2016-09-21,Analyste RH,RH,CDD,Actif,9
1425,Renault,Astrid,F,1970-08-06,2020-11-29,Développeur,RH,CDI,Actif,5
1426,Valentin,Claude,F,1990-08-13,2018-04-28,Chef de projet,Commercial,CDD,Inactif,7
1427,Blin,Robert,M,1967-03-30,2018-02-06,Chef de projet,Commercial,Intérim,Actif,7
1428,Masse,Victor,M,1977-04-05,2015-12-02,Ingénieur Système,IT,CDI,Actif,10
1429,Texier,Noël,M,1998-07-27,2013-01-06,Chef de projet,RH,CDD,Actif,12
1430,Bonnet,Stéphanie,F,1971-06-30,2024-03-31,Chef de projet,Direction,Intérim,Actif,1
1431,Le Goff,Augustin,M,1998-10-14,2021-06-10,Ingénieur Système,Direction,CDD,Inactif,4
1432,Giraud,Alice,F,1981-04-23,2022-06-28,Chef de projet,IT,CDI,Actif,3
1433,Navarro,Sabine,F,2000-02-11,2019-05-06,Comptable,Commercial,CDD,Inactif,6
1434,Bourdon,Constance,F,1989-03-19,2016-10-16,Chef de projet,Commercial,CDI,Actif,9
1435,Carre,Léon,M,1992-04-08,2023-08-17,Développeur,Commercial,CDI,Actif,2
1436,Maillot,Anastasie,F,1987-03-23,2011-07-28,Analyste RH,Commercial,CDI,Actif,14
1437,Boulanger,Brigitte,F,2002-06-03,2021-12-28,Ingénieur Système,Finance,Intérim,Actif,4
1438,Collin,Guy,M,1981-08-07,2022-10-06,Comptable,Direction,Intérim,Inactif,3
1439,Descamps,Thibaut,M,1974-09-07,2016-02-14,Ingénieur Système,Direction,CDI,Actif,9
1440,Faure,Claire,F,1988-04-03,2015-09-23,Chef de projet,Finance,CDI,Inactif,10
1441,Bègue,Nathalie,F,1973-03-24,2020-07-28,Développeur,Direction,Intérim,Inactif,5
1442,Neveu,Augustin,M,1985-07-08,2019-12-17,Ingénieur Système,Finance,CDI,Inactif,6
1443,Mallet,Tristan,M,1986-10-21,2024-04-13,Développeur,Direction,CDI,Actif,1
1444,Rodriguez,Bernadette,F,1993-04-06,2019-02-06,Ingénieur Système,RH,Intérim,Inactif,6
1445,Étienne,Agnès,F,1989-02-15,2015-09-15,Comptable,Commercial,Intérim,Inactif,10
1446,Arnaud,Frédérique,F,1987-09-15,2023-06-26,Chef de projet,Commercial,CDI,Inactif,2
1447,Vallée,Étienne,M,1979-11-13,2012-10-15,Chef de projet,Commercial,Intérim,Actif,13
1448,Meyer,Astrid,F,1984-07-30,2023-11-10,Ingénieur Système,Direction,CDI,Actif,2
1449,Roussel,Philippe,M,2001-03-08,2023-01-06,Ingénieur Système,IT,CDD,Inactif,2
1450,Laine,Alex,F,1987-05-15,2023-06-27,Développeur,RH,Intérim,Inactif,2
1451,Maurice,Christelle,F,1990-02-01,2013-01-27,Comptable,RH,Intérim,Inactif,12
1452,Goncalves,Éric,M,1975-09-19,2022-09-20,Chef de projet,Direction,Intérim,Inactif,3
1453,Navarro,Amélie,F,1992-05-29,2016-08-24,Analyste RH,IT,CDI,Inactif,9
1454,Labbé,Georges,M,1994-09-05,2020-11-02,Chef de projet,RH,Intérim,Inactif,5
1455,Jacquet,Sophie,F,1980-05-17,2019-07-15,Chef de projet,Finance,CDD,Actif,6
1456,Dupuis,Marcelle,F,1996-05-14,2013-10-01,Ingénieur Système,RH,CDD,Actif,12
1457,Tessier,Sabine,F,1995-11-14,2023-07-17,Développeur,Direction,CDI,Inactif,2
1458,Carre,Monique,F,1998-09-03,2019-06-04,Ingénieur Système,Commercial,CDI,Actif,6
1459,Humbert,Corinne,F,1978-01-15,2024-01-30,Chef de projet,Direction,Intérim,Inactif,1
1460,Texier,Christine,F,1981-06-18,2011-05-04,Chef de projet,RH,CDD,Inactif,14
1461,Clerc,Olivier,M,1989-09-17,2019-11-19,Ingénieur Système,IT,CDI,Actif,6
1462,Henry,Raymond,M,1972-12-07,2015-04-20,Chef de projet,RH,CDD,Actif,10
1463,Perez,Édouard,M,1983-01-06,2018-02-03,Développeur,RH,CDI,Actif,7
1464,Blanchet,Claudine,F,1994-03-22,2012-01-04,Comptable,IT,Intérim,Actif,13
1465,Louis,Maurice,M,1988-03-28,2010-11-26,Chef de projet,Direction,Intérim,Inactif,15
1466,Legros,André,M,1991-06-06,2018-12-28,Chef de projet,Commercial,CDD,Actif,7
1467,Besson,Georges,M,1990-09-24,2011-11-03,Comptable,Commercial,CDD,Actif,14
1468,Besson,Frédéric,M,1966-05-15,2015-11-15,Analyste RH,RH,CDI,Actif,10
1469,Perrin,Victor,M,1987-04-08,2023-11-30,Ingénieur Système,Finance,CDI,Inactif,2
1470,Rodrigues,Christine,F,1967-01-22,2015-05-01,Ingénieur Système,RH,Intérim,Inactif,10
1471,Georges,Christine,F,1996-05-16,2018-01-30,Développeur,Commercial,Intérim,Actif,7
1472,Chauvet,Adrien,M,1969-11-04,2010-10-10,Comptable,IT,CDD,Inactif,15
1473,Boucher,Gabrielle,F,1974-08-17,2019-10-15,Chef de projet,IT,CDI,Actif,6
1474,Petitjean,Pauline,F,1972-01-07,2023-08-27,Comptable,Commercial,CDI,Inactif,2
1475,Hervé,Inès,F,1984-12-11,2012-07-10,Analyste RH,Finance,Intérim,Inactif,13
1476,Rousseau,Georges,M,1993-01-07,2021-04-27,Analyste RH,Direction,CDI,Inactif,4
1477,Loiseau,Michel,M,1968-09-22,2012-05-02,Ingénieur Système,IT,Intérim,Inactif,13
1478,Didier,Agnès,F,1999-07-10,2020-03-26,Comptable,RH,CDD,Actif,5
1479,Guillot,David,M,1984-04-09,2017-10-02,Développeur,Commercial,CDD,Actif,8
1480,Martin,Marthe,F,1980-10-27,2020-02-27,Analyste RH,Commercial,CDD,Inactif,5
1481,Delattre,Éric,M,1970-04-11,2019-05-10,Ingénieur Système,RH,Intérim,Actif,6
1482,Alves,Arthur,M,2000-04-01,2019-09-15,Développeur,RH,Intérim,Inactif,6
1483,Guillou,Claude,F,2002-02-28,2010-10-18,Ingénieur Système,RH,Intérim,Inactif,15
1484,Perrier,Sylvie,F,1967-06-01,2021-04-06,Chef de projet,IT,Intérim,Inactif,4
1485,Chevallier,Julien,M,1981-09-17,2023-03-01,Comptable,IT,CDD,Actif,2
1486,Durand,Joseph,M,1969-01-18,2016-04-25,Analyste RH,RH,CDI,Actif,9
1487,Guillot,Caroline,F,1987-01-29,2012-09-19,Comptable,IT,CDI,Actif,13
1488,Bertrand,Joseph,M,2001-08-10,2016-03-17,Ingénieur Système,IT,CDI,Inactif,9
1489,Weiss,Diane,F,1996-01-26,2022-04-12,Ingénieur Système,IT,Intérim,Inactif,3
1490,Voisin,Édith,F,1973-08-17,2011-07-11,Chef de projet,Finance,Intérim,Inactif,14
1491,Auger,Suzanne,F,1966-12-20,2015-06-11,Ingénieur Système,IT,Intérim,Actif,10
1492,Renaud,Amélie,F,1978-01-09,2011-03-01,Ingénieur Système,Commercial,CDD,Actif,14
1493,Gomes,Honoré,M,1999-07-10,2017-03-23,Comptable,RH,CDI,Inactif,8
1494,Devaux,Thérèse,F,1981-09-09,2011-01-27,Développeur,IT,Intérim,Actif,14
1495,Chrétien,Élisabeth,F,1983-12-03,2016-07-10,Comptable,IT,Intérim,Inactif,9
1496,Valette,Anaïs,F,1987-01-15,2015-02-05,Ingénieur Système,Direction,Intérim,Actif,10
1497,Denis,Julien,M,1994-03-09,2017-04-03,Ingénieur Système,Commercial,CDI,Actif,8
1498,Bernier,Matthieu,M,1990-10-06,2016-03-20,Analyste RH,Commercial,CDI,Actif,9
1499,Lemoine,Paul,M,1998-04-23,2016-09-12,Développeur,Finance,Intérim,Inactif,9
1500,Paul,Juliette,F,1970-01-27,2022-10-26,Comptable,Finance,CDD,Inactif,3
1501,Lamy,Augustin,M,1993-10-02,2020-09-12,Analyste RH,Finance,CDD,Actif,5
1502,Arnaud,Lucie,F,1986-04-23,2012-03-12,Ingénieur Système,Commercial,CDI,Inactif,13
1503,Chevalier,Marguerite,F,1984-07-27,2015-08-31,Comptable,IT,Intérim,Actif,10
1504,Cohen,Pénélope,F,1975-10-16,2022-03-09,Ingénieur Système,Finance,CDD,Actif,3
1505,Hebert,Jérôme,M,1994-11-17,2011-03-04,Ingénieur Système,IT,Intérim,Inactif,14
1506,Petitjean,Joseph,M,1994-01-18,2015-02-14,Développeur,IT,CDD,Actif,10
1507,Riou,Andrée,F,1969-07-23,2021-11-13,Chef de projet,Finance,Intérim,Inactif,4
1508,Diaz,Océane,F,1989-03-05,2019-03-07,Ingénieur Système,Commercial,CDI,Actif,6
1509,Bouvet,Yves,M,1975-05-04,2010-12-24,Chef de projet,Direction,CDD,Actif,15
1510,Meunier,Thibaut,M,1994-04-08,2011-01-16,Développeur,Commercial,CDD,Inactif,14
1511,Marchand,Antoinette,F,1980-07-05,2023-09-11,Comptable,IT,Intérim,Inactif,2
1512,Imbert,Jules,M,1989-02-04,2016-12-17,Développeur,IT,CDD,Inactif,9
1513,Duhamel,Alexandria,F,1974-11-22,2022-01-01,Analyste RH,Direction,Intérim,Actif,3
1514,Lebreton,Michèle,F,1989-10-07,2018-01-01,Ingénieur Système,Finance,Intérim,Actif,7
1515,Ledoux,Auguste,M,1973-10-27,2019-06-16,Analyste RH,Finance,CDI,Actif,6
1516,Poulain,Nicole,F,1985-11-05,2021-07-02,Ingénieur Système,Finance,Intérim,Inactif,4
1517,Lopes,Jeanne,F,1972-03-03,2010-11-22,Ingénieur Système,RH,CDD,Actif,15
1518,Guyon,Éléonore,F,1998-05-30,2019-04-05,Chef de projet,Direction,CDI,Inactif,6
1519,Chevallier,Célina,F,1982-04-07,2023-08-20,Comptable,RH,CDI,Actif,2
1520,Bertin,Maurice,M,1979-01-20,2020-11-10,Ingénieur Système,RH,Intérim,Inactif,5
1521,Renault,Patrick,M,1978-01-27,2012-07-15,Ingénieur Système,IT,CDD,Actif,13
1522,Dufour,Auguste,M,1995-03-19,2013-05-21,Comptable,RH,CDD,Actif,12
1523,Delannoy,Simone,F,1970-06-05,2024-03-28,Développeur,Commercial,CDD,Actif,1
1524,Normand,Margaud,F,1988-02-04,2022-07-09,Comptable,Commercial,Intérim,Actif,3
1525,François,Robert,M,2001-05-06,2015-05-23,Ingénieur Système,Finance,Intérim,Actif,10
1526,Ribeiro,Édouard,M,1976-04-19,2023-12-14,Comptable,Commercial,CDI,Inactif,2
1527,Étienne,Dominique,F,1979-09-17,2012-07-07,Ingénieur Système,IT,CDD,Inactif,13
1528,Bourgeois,Daniel,M,1980-07-24,2023-11-24,Analyste RH,IT,CDD,Actif,2
1529,Teixeira,Alexandrie,F,1989-01-04,2019-11-16,Analyste RH,RH,Intérim,Actif,6
1530,Baudry,Julien,M,1996-04-04,2024-02-14,Chef de projet,Commercial,CDI,Actif,1
1531,Courtois,Christophe,M,1970-04-26,2011-07-27,Chef de projet,Direction,CDD,Actif,14
1532,Ruiz,Louis,M,1997-01-09,2019-05-24,Analyste RH,RH,Intérim,Actif,6
1533,Bouchet,Odette,F,1969-06-21,2012-07-31,Ingénieur Système,RH,CDD,Inactif,13
1534,Prévost,Tristan,M,1969-07-01,2018-02-08,Développeur,IT,CDD,Actif,7
1535,Turpin,Zacharie,M,1999-08-29,2016-04-23,Comptable,Commercial,Intérim,Actif,9
1536,Rodriguez,Robert,M,1976-10-31,2023-07-06,Ingénieur Système,Direction,CDI,Inactif,2
1537,Dumont,Philippine,F,1998-09-02,2011-05-24,Analyste RH,Commercial,Intérim,Actif,14
1538,Denis,Raymond,M,1974-11-12,2015-08-16,Chef de projet,IT,CDI,Actif,10
1539,Gaillard,Corinne,F,1986-05-29,2022-07-08,Analyste RH,Commercial,CDI,Actif,3
1540,Jean,Jérôme,M,1999-10-06,2015-04-14,Ingénieur Système,Direction,CDD,Inactif,10
1541,Chevalier,Gilbert,M,1977-10-23,2021-04-03,Développeur,RH,Intérim,Actif,4
1542,Courtois,Laure,F,1972-12-20,2021-01-30,Développeur,RH,Intérim,Inactif,4
1543,Bailly,Bernadette,F,1998-08-26,2021-05-09,Développeur,Commercial,Intérim,Actif,4
1544,Roy,Colette,F,1976-02-07,2021-08-28,Chef de projet,Commercial,Intérim,Actif,4
1545,Ferrand,Maggie,F,2002-10-21,2011-02-24,Analyste RH,IT,CDD,Inactif,14
1546,Leroy,Audrey,F,1967-07-18,2021-05-12,Ingénieur Système,Finance,CDI,Inactif,4
1547,Pires,Julie,F,1978-10-18,2023-07-01,Comptable,Commercial,CDI,Inactif,2
1548,Masse,Marc,M,1966-07-06,2018-12-03,Chef de projet,Finance,CDD,Inactif,7
1549,Techer,Luce,F,1985-01-03,2018-08-31,Analyste RH,Direction,CDD,Actif,7
1550,Moulin,Océane,F,1984-09-09,2018-03-02,Chef de projet,IT,CDI,Inactif,7
1551,Legrand,Antoine,M,1975-03-18,2017-12-05,Ingénieur Système,Direction,CDD,Inactif,8
1552,Legros,Valérie,F,1996-01-21,2013-12-02,Comptable,RH,Intérim,Inactif,12
1553,Leblanc,Thibaut,M,1974-03-24,2015-10-08,Analyste RH,RH,Intérim,Inactif,10
1554,Wagner,Hugues,M,1987-12-15,2017-03-26,Ingénieur Système,IT,Intérim,Inactif,8
1555,Dumont,Michèle,F,1999-06-30,2020-01-02,Analyste RH,IT,Intérim,Actif,5
1556,Gautier,Margaud,F,1980-11-25,2018-05-21,Comptable,Direction,CDI,Actif,7
1557,Rivière,Grégoire,M,1995-01-17,2014-09-01,Analyste RH,Commercial,CDI,Actif,11
1558,Blanchard,Brigitte,F,1967-11-23,2015-05-22,Chef de projet,IT,CDD,Actif,10
1559,Jacob,Thibault,M,1992-11-26,2014-09-03,Chef de projet,IT,CDI,Actif,11
1560,Leroux,Marguerite,F,1985-09-24,2013-09-05,Analyste RH,IT,CDD,Actif,12
1561,Ledoux,Constance,F,1998-05-11,2019-03-17,Analyste RH,IT,Intérim,Inactif,6
1562,Bigot,Zoé,F,1985-06-12,2018-11-29,Analyste RH,Finance,CDI,Actif,7
1563,Simon,Benjamin,M,1991-03-19,2019-01-18,Chef de projet,Finance,CDI,Actif,6
1564,Albert,Georges,M,1979-02-03,2020-05-16,Analyste RH,RH,CDD,Inactif,5
1565,Benard,André,M,1967-11-22,2015-03-28,Ingénieur Système,Direction,CDD,Actif,10
1566,Costa,Sylvie,F,1983-11-24,2019-07-31,Comptable,Finance,CDI,Actif,6
1567,Petit,Bernard,M,1993-10-10,2012-09-23,Ingénieur Système,Direction,Intérim,Actif,13
1568,Aubry,Mathilde,F,1991-11-22,2016-09-03,Ingénieur Système,Commercial,CDD,Inactif,9
1569,Lambert,Luc,M,1967-12-07,2020-02-25,Chef de projet,Finance,CDD,Actif,5
1570,Guilbert,Étienne,M,1989-02-13,2019-11-11,Ingénieur Système,IT,CDD,Inactif,6
1571,Hervé,Arnaude,F,1990-09-28,2019-01-11,Analyste RH,Commercial,CDD,Inactif,6
1572,Lebreton,Laurence,F,1972-07-15,2012-08-21,Analyste RH,Finance,CDI,Inactif,13
1573,Pereira,Louis,M,1989-11-05,2023-12-22,Ingénieur Système,Finance,CDI,Inactif,2
1574,Maillot,Mathilde,F,1974-04-08,2013-11-01,Analyste RH,RH,Intérim,Inactif,12
1575,Marion,Pierre,M,1991-10-07,2018-12-16,Analyste RH,IT,CDI,Actif,7
1576,Fournier,Alphonse,M,1967-02-06,2012-10-12,Chef de projet,IT,CDD,Actif,13
1577,Delannoy,Jacques,M,1996-09-08,2019-04-15,Comptable,Finance,CDI,Actif,6
1578,Pineau,Clémence,F,1999-07-13,2012-10-29,Développeur,Commercial,Intérim,Inactif,13
1579,Millet,Thibault,M,1986-02-16,2013-03-19,Développeur,RH,CDD,Inactif,12
1580,Carlier,Lucy,F,1987-05-05,2019-01-30,Développeur,IT,CDD,Inactif,6
1581,Grégoire,Victoire,F,2002-10-04,2015-07-20,Chef de projet,IT,Intérim,Inactif,10
1582,Ollivier,Alain,M,1989-07-08,2016-02-01,Analyste RH,RH,CDI,Actif,9
1583,Maillet,Cécile,F,1992-10-18,2020-05-18,Ingénieur Système,RH,Intérim,Inactif,5
1584,Le Gall,Thomas,M,1966-04-07,2020-08-09,Développeur,RH,CDI,Inactif,5
1585,Reynaud,Julie,F,1979-12-08,2022-09-21,Chef de projet,Direction,Intérim,Inactif,3
1586,Roux,Valentine,F,1976-01-21,2019-05-15,Comptable,RH,CDD,Actif,6
1587,Lombard,Thierry,M,1990-04-28,2012-12-18,Comptable,Commercial,Intérim,Actif,13
1588,Bazin,Gérard,M,1966-08-07,2020-03-10,Développeur,IT,CDD,Actif,5
1589,Bonnin,Bertrand,M,1977-06-07,2010-10-09,Chef de projet,Commercial,CDD,Inactif,15
1590,Besnard,Hugues,M,1992-12-12,2013-01-09,Comptable,IT,CDD,Actif,12
1591,Pasquier,François,M,1992-05-17,2018-12-27,Ingénieur Système,Direction,CDI,Actif,7
1592,Becker,Thibault,M,1996-07-17,2022-12-20,Chef de projet,Commercial,CDD,Actif,3
1593,Petitjean,Anne,F,1973-11-06,2019-04-10,Chef de projet,Commercial,CDI,Inactif,6
1594,Guillaume,Marguerite,F,1997-01-01,2019-05-23,Chef de projet,Finance,CDD,Actif,6
1595,Mallet,Hugues,M,1976-03-27,2018-04-09,Chef de projet,RH,CDI,Inactif,7
1596,Rossi,Jean,M,2001-08-16,2016-06-23,Chef de projet,Commercial,Intérim,Actif,9
1597,Labbé,Julie,F,1997-05-26,2013-09-20,Chef de projet,Commercial,CDD,Actif,12
1598,Hoarau,Laurence,F,2002-06-06,2015-07-12,Analyste RH,Commercial,Intérim,Actif,10
1599,Jean,Lucy,F,1984-02-13,2022-06-11,Développeur,Direction,CDD,Actif,3
1600,Guillaume,Victoire,F,1986-01-10,2018-08-12,Comptable,IT,CDD,Inactif,7
1601,Lévêque,Roger,M,1983-01-22,2015-05-07,Ingénieur Système,Direction,Intérim,Inactif,10
1602,Rivière,Monique,F,1991-04-20,2024-05-16,Analyste RH,IT,Intérim,Inactif,1
1603,Barre,David,M,1984-03-20,2011-03-02,Comptable,Direction,CDI,Inactif,14
1604,Hervé,Augustin,M,1988-01-08,2017-12-22,Analyste RH,IT,Intérim,Inactif,8
1605,Bègue,Joséphine,F,1997-01-19,2014-02-02,Comptable,Finance,CDI,Inactif,11
1606,Renaud,René,M,1982-11-26,2020-01-05,Analyste RH,RH,CDD,Actif,5
1607,Grenier,Grégoire,M,1973-10-16,2012-04-22,Chef de projet,IT,CDD,Inactif,13
1608,Chauvet,Isabelle,F,1980-12-13,2011-04-25,Développeur,RH,CDD,Actif,14
1609,Laroche,Hélène,F,1980-04-18,2011-05-06,Développeur,Finance,Intérim,Actif,14
1610,Roussel,Lucas,M,1986-12-05,2022-08-27,Analyste RH,Commercial,CDD,Actif,3
1611,Georges,Benoît,M,1973-10-21,2010-07-16,Chef de projet,Finance,Intérim,Actif,15
1612,Dias,Constance,F,1992-02-21,2021-07-22,Développeur,Direction,Intérim,Inactif,4
1613,Ollivier,Valentine,F,1978-01-09,2023-04-24,Développeur,IT,Intérim,Inactif,2
1614,Hervé,Isaac,M,1983-11-16,2021-06-09,Chef de projet,Direction,CDD,Inactif,4
1615,Lopez,Benjamin,M,1980-04-02,2019-07-22,Développeur,IT,Intérim,Inactif,6
1616,Rousset,Alfred,M,1976-05-13,2017-07-23,Ingénieur Système,Direction,CDD,Actif,8
1617,Schmitt,Alex,F,1991-06-20,2023-11-09,Analyste RH,IT,CDD,Actif,2
1618,Costa,Éric,M,1984-02-24,2011-02-01,Chef de projet,RH,CDD,Actif,14
1619,Petit,Lucy,F,2003-02-06,2020-09-14,Comptable,RH,Intérim,Actif,5
1620,Gautier,Jacques,M,1983-10-25,2018-03-07,Analyste RH,RH,Intérim,Actif,7
1621,Clerc,Richard,M,2000-02-18,2018-11-08,Chef de projet,RH,CDI,Actif,7
1622,Lucas,Claude,F,1996-04-19,2015-02-03,Ingénieur Système,Direction,CDD,Inactif,10
1623,Olivier,Cécile,F,1986-12-15,2013-03-19,Développeur,IT,CDD,Inactif,12
1624,Foucher,Michel,M,1981-12-16,2022-09-04,Développeur,Direction,Intérim,Inactif,3
1625,Lemoine,Agathe,F,1987-05-23,2023-11-26,Comptable,IT,Intérim,Inactif,2
1626,Collet,Élise,F,1976-05-23,2020-11-04,Comptable,Direction,CDI,Inactif,5
1627,Riou,Océane,F,1993-07-22,2019-03-20,Chef de projet,IT,CDD,Actif,6
1628,Millet,Aurore,F,1991-09-23,2021-11-01,Analyste RH,Finance,Intérim,Inactif,4
1629,Gauthier,Éléonore,F,1974-01-07,2018-07-28,Analyste RH,Direction,CDI,Actif,7
1630,Breton,Jeanne,F,1964-11-30,2014-11-20,Analyste RH,RH,CDD,Inactif,11
1631,Jacob,Inès,F,1994-11-07,2023-04-10,Développeur,Direction,CDD,Actif,2
1632,Da Costa,Jacques,M,1984-12-30,2020-05-11,Comptable,Commercial,CDD,Actif,5
1633,Ramos,Adrienne,F,1982-04-01,2021-07-27,Ingénieur Système,RH,CDD,Inactif,4
1634,Alves,Georges,M,1968-09-05,2021-10-23,Ingénieur Système,Direction,CDD,Inactif,4
1635,Lemaire,Suzanne,F,1985-04-30,2013-03-02,Chef de projet,RH,CDD,Inactif,12
1636,Lebon,Camille,F,1985-08-12,2022-03-12,Développeur,RH,Intérim,Inactif,3
1637,Lemaire,Lucie,F,1989-06-18,2020-11-27,Développeur,Finance,Intérim,Actif,5
1638,Louis,Geneviève,F,1973-07-16,2018-08-02,Comptable,IT,CDI,Actif,7
1639,Brunet,Michel,M,1989-11-16,2017-07-10,Ingénieur Système,Commercial,CDD,Actif,8
1640,Boutin,Sylvie,F,2001-01-11,2024-02-04,Comptable,IT,CDI,Actif,1
1641,Chartier,Franck,M,1981-04-16,2022-01-09,Comptable,Finance,Intérim,Inactif,3
1642,Faivre,Théophile,M,1970-01-08,2019-05-23,Comptable,Direction,CDI,Actif,6
1643,Cohen,Maryse,F,1969-10-07,2020-01-18,Comptable,Finance,Intérim,Actif,5
1644,Marie,Antoine,M,2001-09-19,2019-01-18,Ingénieur Système,Direction,Intérim,Inactif,6
1645,Renaud,Clémence,F,1975-08-25,2016-01-12,Ingénieur Système,RH,CDD,Inactif,9
1646,Dijoux,Simone,F,1972-05-12,2022-01-09,Chef de projet,Finance,Intérim,Actif,3
1647,Leclerc,Stéphane,M,1997-09-18,2011-12-31,Analyste RH,IT,CDI,Inactif,14
1648,Gros,Maurice,M,1968-03-27,2018-03-01,Ingénieur Système,RH,CDI,Actif,7
1649,Payet,Patricia,F,1995-07-15,2020-01-17,Comptable,RH,Intérim,Actif,5
1650,Boyer,Susan,F,1985-06-03,2022-10-03,Chef de projet,IT,CDI,Inactif,3
1651,Simon,Nicole,F,1981-10-07,2024-05-04,Analyste RH,Commercial,CDI,Inactif,1
1652,Bernard,Gabrielle,F,1969-06-03,2011-03-22,Développeur,RH,CDD,Inactif,14
1653,Briand,Marie,F,1968-10-15,2019-08-28,Chef de projet,RH,Intérim,Inactif,6
1654,Lopez,Arthur,M,1996-07-29,2010-12-28,Comptable,RH,Intérim,Inactif,15
1655,Renault,Odette,F,1976-09-12,2023-07-14,Développeur,Finance,CDD,Actif,2
1656,Dufour,Tristan,M,1993-01-21,2016-10-26,Chef de projet,Commercial,Intérim,Inactif,9
1657,Weber,Sophie,F,1990-02-20,2016-11-03,Chef de projet,Direction,CDD,Inactif,9
1658,Faure,Zacharie,M,2001-02-24,2012-09-17,Développeur,IT,CDI,Actif,13
1659,Guibert,Jérôme,M,1972-07-10,2013-06-26,Chef de projet,IT,Intérim,Actif,12
1660,Tanguy,Louis,M,2000-06-09,2012-08-13,Développeur,Finance,CDI,Actif,13
1661,Petitjean,Hélène,F,1964-09-08,2023-04-25,Développeur,Finance,CDD,Actif,2
1662,Simon,Henri,M,1995-12-17,2021-11-27,Chef de projet,RH,Intérim,Actif,4
1663,Fouquet,Richard,M,1993-04-24,2019-07-02,Analyste RH,Finance,CDI,Actif,6
1664,Gillet,Henriette,F,1981-04-17,2018-04-15,Chef de projet,Finance,CDD,Actif,7
1665,Perrot,Colette,F,1983-03-18,2013-08-28,Développeur,Direction,Intérim,Actif,12
1666,Pages,Cécile,F,1966-08-23,2024-03-21,Développeur,Commercial,Intérim,Inactif,1
1667,Peltier,Paulette,F,1965-07-07,2014-07-18,Chef de projet,IT,CDD,Actif,11
1668,Leclerc,Arthur,M,1971-04-26,2020-07-21,Ingénieur Système,IT,Intérim,Inactif,5
1669,Fontaine,Sophie,F,1967-10-06,2014-08-12,Chef de projet,Finance,Intérim,Actif,11
1670,Traore,Alphonse,M,1991-10-29,2017-12-01,Développeur,Finance,Intérim,Inactif,8
1671,Rey,Gabrielle,F,1968-04-16,2012-10-31,Développeur,Finance,CDI,Actif,13
1672,Gaudin,William,M,1980-05-21,2024-04-30,Comptable,Direction,CDD,Actif,1
1673,Foucher,Margaud,F,1986-04-10,2014-06-25,Analyste RH,Direction,CDI,Inactif,11
1674,Hernandez,Claire,F,1999-12-03,2014-03-18,Développeur,IT,CDD,Actif,11
1675,Pasquier,Lucy,F,1983-03-05,2011-06-27,Ingénieur Système,Commercial,Intérim,Actif,14
1676,Pascal,Théodore,M,1976-05-14,2021-02-05,Comptable,Direction,CDD,Inactif,4
1677,Potier,Marcel,M,2002-04-11,2018-11-18,Développeur,Commercial,Intérim,Inactif,7
1678,Rousseau,Jérôme,M,1990-05-22,2023-10-26,Comptable,Commercial,CDI,Inactif,2
1679,Hardy,Margaud,F,1992-10-12,2017-05-24,Ingénieur Système,Finance,Intérim,Inactif,8
1680,Gérard,Henri,M,1990-01-25,2013-07-30,Développeur,Finance,CDD,Inactif,12
1681,Faivre,Thérèse,F,1980-11-06,2014-04-14,Ingénieur Système,RH,Intérim,Actif,11
1682,Ribeiro,David,M,1995-12-17,2011-06-07,Développeur,RH,Intérim,Actif,14
1683,Guilbert,Lucas,M,1992-10-17,2019-12-06,Analyste RH,Finance,CDI,Actif,6
1684,Laporte,Daniel,M,1990-11-19,2014-08-01,Ingénieur Système,IT,CDD,Inactif,11
1685,Adam,Emmanuelle,F,1986-12-04,2021-06-14,Analyste RH,Commercial,CDI,Inactif,4
1686,Chevalier,Stéphanie,F,1989-09-14,2012-01-09,Comptable,Commercial,CDD,Actif,13
1687,Regnier,Élisabeth,F,1967-12-16,2015-01-07,Comptable,Direction,CDD,Actif,10
1688,Hoareau,Alice,F,1969-05-28,2013-08-26,Chef de projet,RH,CDI,Inactif,12
1689,Samson,Théodore,M,2002-06-25,2014-02-21,Chef de projet,Commercial,Intérim,Inactif,11
1690,Voisin,François,M,1987-02-09,2015-08-10,Ingénieur Système,RH,Intérim,Actif,10
1691,Garcia,Frédérique,F,1977-05-20,2023-01-24,Ingénieur Système,RH,CDD,Actif,2
1692,Lemaire,Olivier,M,1980-12-16,2022-04-14,Comptable,Direction,Intérim,Inactif,3
1693,Texier,Emmanuelle,F,1991-06-11,2014-07-10,Comptable,RH,Intérim,Actif,11
1694,Courtois,Isaac,M,1983-09-18,2016-12-04,Développeur,IT,CDI,Actif,9
1695,Turpin,Martine,F,1985-06-09,2014-11-25,Comptable,Direction,Intérim,Inactif,11
1696,Alves,Zoé,F,1996-02-29,2012-02-16,Développeur,Finance,Intérim,Actif,13
1697,Mace,Noël,M,1986-03-30,2013-11-27,Analyste RH,Finance,CDI,Actif,12
1698,Lemaître,Margaux,F,1992-08-14,2011-03-25,Analyste RH,Direction,CDD,Actif,14
1699,Thibault,Geneviève,F,1974-05-19,2010-09-22,Développeur,RH,CDD,Inactif,15
1700,Bertin,Robert,M,1992-11-12,2015-06-22,Chef de projet,Finance,CDI,Actif,10
1701,Brunet,Eugène,M,1986-11-24,2014-05-13,Comptable,Finance,CDI,Actif,11
1702,Gillet,Jacqueline,F,1998-06-06,2019-10-26,Chef de projet,Direction,CDI,Actif,6
1703,Bègue,Maggie,F,1981-12-17,2023-06-09,Analyste RH,IT,CDI,Inactif,2
1704,Camus,Victoire,F,1995-10-23,2013-04-24,Comptable,Commercial,CDD,Actif,12
1705,Peron,Marthe,F,1975-12-21,2012-10-30,Ingénieur Système,Direction,CDI,Actif,13
1706,Fouquet,Victoire,F,1976-12-22,2019-09-03,Développeur,IT,Intérim,Inactif,6
1707,Clerc,Antoine,M,2000-02-08,2011-01-10,Analyste RH,Finance,Intérim,Inactif,14
1708,Sanchez,Anaïs,F,1964-11-19,2017-06-19,Chef de projet,IT,CDI,Inactif,8
1709,Dos Santos,Thomas,M,1980-03-14,2011-08-10,Analyste RH,Commercial,CDI,Actif,14
1710,Neveu,Denis,M,1965-01-27,2014-03-04,Chef de projet,RH,CDD,Actif,11
1711,Bodin,Michel,M,1989-11-05,2011-06-24,Chef de projet,Finance,CDD,Inactif,14
1712,Maurice,Timothée,M,1997-05-02,2021-08-31,Comptable,Finance,CDI,Inactif,4
1713,Coulon,Agnès,F,1964-11-25,2019-07-04,Chef de projet,Direction,CDI,Actif,6
1714,Courtois,Lucas,M,1965-04-04,2010-09-25,Comptable,RH,CDD,Inactif,15
1715,Laporte,Laure,F,2000-11-27,2015-04-30,Comptable,RH,Intérim,Actif,10
1716,Durand,Camille,F,1993-10-01,2024-03-01,Comptable,RH,Intérim,Inactif,1
1717,Colin,Catherine,F,1971-01-02,2019-05-16,Comptable,RH,CDI,Inactif,6
1718,Gérard,Georges,M,1977-07-06,2020-12-29,Développeur,Finance,Intérim,Inactif,5
1719,Laine,Jeannine,F,1988-07-27,2014-12-31,Ingénieur Système,Finance,CDI,Inactif,11
1720,Chauvin,Augustin,M,1989-11-02,2017-05-10,Développeur,IT,CDD,Actif,8
1721,Jacques,Jacqueline,F,1979-10-27,2015-07-21,Développeur,Finance,CDI,Actif,10
1722,Pottier,Augustin,M,1966-08-10,2012-01-15,Ingénieur Système,Finance,CDD,Actif,13
1723,Lebon,Monique,F,1990-02-12,2019-11-08,Analyste RH,Direction,CDI,Actif,6
1724,Ollivier,Antoine,M,1965-02-03,2022-05-29,Chef de projet,RH,CDD,Inactif,3
1725,Picard,Aurélie,F,1998-06-20,2017-10-31,Analyste RH,Finance,Intérim,Actif,8
1726,Imbert,Jacques,M,2002-12-16,2012-01-27,Développeur,Direction,CDD,Inactif,13
1727,Evrard,Alice,F,1980-02-01,2014-01-17,Développeur,Commercial,CDI,Actif,11
1728,Jacquot,Roland,M,1996-10-22,2015-01-23,Analyste RH,RH,Intérim,Inactif,10
1729,Lambert,Auguste,M,1983-07-13,2019-09-09,Comptable,IT,CDI,Actif,6
1730,Thibault,Alexandria,F,1976-08-27,2015-10-20,Chef de projet,RH,Intérim,Actif,10
1731,Durand,François,M,1974-04-06,2023-04-01,Comptable,RH,CDI,Actif,2
1732,Mendès,Nicole,F,1969-09-08,2015-07-17,Chef de projet,Finance,CDI,Inactif,10
1733,Goncalves,Isabelle,F,2003-01-06,2017-01-26,Comptable,IT,CDD,Inactif,8
1734,Labbé,Margot,F,1990-07-28,2023-04-22,Ingénieur Système,Finance,CDI,Inactif,2
1735,Rousset,Daniel,M,1969-10-15,2018-12-20,Chef de projet,Finance,CDI,Actif,7
1736,Vallet,Marie,F,1968-02-08,2012-02-10,Développeur,Direction,Intérim,Inactif,13
1737,Nguyen,Hortense,F,1969-08-16,2016-03-30,Ingénieur Système,IT,CDD,Actif,9
1738,Texier,Thibault,M,1991-06-13,2023-08-11,Analyste RH,IT,CDI,Actif,2
1739,Millet,Alix,F,1983-01-19,2023-10-12,Développeur,RH,CDD,Actif,2
1740,Lebreton,Patrick,M,1979-12-23,2016-07-02,Chef de projet,Commercial,CDI,Actif,9
1741,Lenoir,Laurent,M,1993-11-02,2013-08-11,Ingénieur Système,IT,Intérim,Actif,12
1742,Bazin,Monique,F,1970-04-13,2023-08-03,Analyste RH,RH,Intérim,Inactif,2
1743,Maurice,William,M,1981-03-22,2022-08-01,Comptable,Commercial,CDD,Actif,3
1744,Legrand,Aurélie,F,1982-09-08,2013-01-27,Chef de projet,Finance,CDD,Actif,12
1745,Gillet,Colette,F,1990-12-19,2015-11-02,Chef de projet,RH,CDI,Actif,10
1746,Alves,Bernard,M,1970-09-05,2010-07-16,Comptable,Finance,CDI,Inactif,15
1747,Le Gall,Matthieu,M,1988-12-10,2023-05-27,Analyste RH,Direction,CDI,Inactif,2
1748,Dupuy,Caroline,F,1973-06-20,2011-12-08,Chef de projet,RH,Intérim,Inactif,14
1749,Lemoine,Martin,M,1994-12-30,2019-12-04,Comptable,Finance,Intérim,Inactif,6
1750,Berthelot,Odette,F,1971-06-25,2010-11-24,Comptable,Commercial,CDI,Actif,15
1751,Blanc,Joseph,M,2002-03-02,2012-01-13,Analyste RH,Direction,CDD,Actif,13
1752,Godard,Théophile,M,1986-07-12,2017-01-01,Analyste RH,RH,Intérim,Actif,8
1753,Richard,William,M,1992-08-11,2017-01-17,Comptable,IT,Intérim,Actif,8
1754,Merle,Augustin,M,2002-07-12,2014-07-31,Développeur,Direction,CDD,Inactif,11
1755,Masse,Raymond,M,1975-12-29,2022-02-09,Chef de projet,Finance,CDI,Inactif,3
1756,Gillet,Denise,F,1973-11-24,2015-01-10,Analyste RH,Commercial,CDD,Inactif,10
1757,Hernandez,Juliette,F,1998-01-03,2012-12-06,Chef de projet,IT,Intérim,Inactif,13
1758,Andre,Émile,M,1994-01-11,2015-02-22,Ingénieur Système,RH,Intérim,Actif,10
1759,De Oliveira,Henri,M,1997-05-27,2023-10-07,Développeur,Commercial,CDI,Inactif,2
1760,Garnier,Jules,M,1981-07-31,2014-08-24,Chef de projet,Direction,Intérim,Inactif,11
1761,Mace,Thomas,M,1998-03-11,2020-07-20,Chef de projet,Commercial,CDI,Actif,5
1762,Chauvet,Eugène,M,1995-08-11,2012-04-08,Comptable,RH,CDI,Actif,13
1763,Dufour,Madeleine,F,1964-11-29,2017-03-07,Analyste RH,Commercial,CDI,Actif,8
1764,Le Roux,Monique,F,1986-11-16,2017-12-09,Comptable,Direction,CDD,Inactif,8
1765,Daniel,Martin,M,1973-09-18,2015-07-24,Développeur,Direction,Intérim,Inactif,10
1766,Lebrun,Thibaut,M,1978-02-13,2018-08-07,Chef de projet,Commercial,Intérim,Inactif,7
1767,Bouvier,Emmanuel,M,1991-07-21,2015-11-18,Chef de projet,IT,CDD,Actif,10
1768,Klein,Timothée,M,1997-11-12,2020-03-31,Développeur,Commercial,CDD,Inactif,5
1769,Berger,Marguerite,F,1990-01-15,2015-03-21,Analyste RH,Finance,CDD,Actif,10
1770,Carlier,Jules,M,1972-03-14,2020-01-16,Développeur,RH,Intérim,Actif,5
1771,Bourgeois,Édith,F,2001-11-19,2010-11-28,Comptable,RH,CDD,Inactif,15
1772,Petitjean,Nicolas,M,1978-09-19,2017-11-28,Comptable,Direction,CDI,Actif,8
1773,Klein,Arthur,M,1992-04-17,2021-11-24,Analyste RH,Direction,CDI,Inactif,4
1774,Didier,Daniel,M,1985-01-21,2014-07-26,Développeur,RH,CDD,Inactif,11
1775,Fleury,Vincent,M,1974-12-10,2022-08-14,Comptable,Finance,Intérim,Actif,3
1776,Briand,Laurent,M,1969-06-26,2018-02-02,Comptable,RH,CDI,Inactif,7
1777,Joseph,Valentine,F,1991-09-23,2019-07-17,Développeur,RH,Intérim,Actif,6
1778,Guillou,Paulette,F,2001-06-12,2011-01-28,Chef de projet,Direction,CDD,Inactif,14
1779,Alves,Aurélie,F,1971-11-23,2023-07-14,Développeur,Direction,CDD,Actif,2
1780,Menard,Marthe,F,1975-10-09,2021-06-16,Chef de projet,IT,CDI,Inactif,4
1781,Raymond,Alphonse,M,2002-10-11,2021-06-04,Analyste RH,Direction,Intérim,Actif,4
1782,Labbé,Noémi,F,1987-01-06,2023-12-30,Ingénieur Système,Commercial,CDI,Actif,2
1783,Perret,Catherine,F,1965-03-03,2012-02-16,Développeur,Commercial,CDI,Inactif,13
1784,Poirier,Frédéric,M,1999-03-15,2023-02-26,Comptable,Commercial,CDI,Inactif,2
1785,Paul,Roger,M,1979-06-29,2018-01-12,Comptable,IT,Intérim,Actif,7
1786,Besson,Louis,M,1995-12-18,2023-08-04,Chef de projet,IT,Intérim,Inactif,2
1787,Potier,Camille,F,1974-09-16,2016-04-26,Ingénieur Système,IT,CDD,Inactif,9
1788,Laurent,Valérie,F,1971-07-26,2015-06-23,Analyste RH,Commercial,Intérim,Actif,10
1789,Legros,Augustin,M,1972-05-07,2022-11-14,Chef de projet,IT,CDI,Actif,3
1790,Blanchard,Marine,F,1985-09-04,2016-04-14,Développeur,IT,Intérim,Actif,9
1791,Pineau,Emmanuelle,F,1999-11-30,2018-08-31,Analyste RH,Finance,Intérim,Inactif,7
1792,Lévêque,Noël,M,1971-02-04,2017-11-26,Chef de projet,Finance,CDI,Actif,8
1793,Mace,Stéphanie,F,1986-02-25,2011-08-05,Ingénieur Système,RH,Intérim,Inactif,14
1794,Ribeiro,Alphonse,M,1972-04-13,2010-11-01,Chef de projet,Commercial,Intérim,Actif,15
1795,Le Goff,Catherine,F,1975-08-21,2023-01-18,Ingénieur Système,RH,CDI,Actif,2
1796,Berger,Diane,F,2002-01-03,2013-03-05,Ingénieur Système,Finance,CDI,Actif,12
1797,Rémy,Roger,M,1993-06-19,2018-04-24,Développeur,RH,CDI,Actif,7
1798,Grondin,Luc,M,1977-01-01,2013-08-15,Comptable,Direction,Intérim,Actif,12
1799,Riou,Philippine,F,1991-05-16,2010-12-12,Ingénieur Système,RH,CDD,Actif,15
1800,Gallet,Élodie,F,1995-01-17,2020-07-10,Développeur,Direction,CDD,Inactif,5
1801,Gilbert,Nath,F,1964-10-02,2022-06-10,Ingénieur Système,RH,CDD,Actif,3
1802,Benoit,Emmanuelle,F,1983-05-24,2023-04-01,Chef de projet,Finance,CDD,Inactif,2
1803,Fischer,Anouk,F,1971-05-18,2024-01-19,Comptable,Commercial,CDD,Actif,1
1804,Regnier,Éric,M,1989-05-05,2015-12-30,Comptable,Direction,Intérim,Inactif,10
1805,Pierre,Michel,M,1972-03-16,2014-11-30,Développeur,Commercial,Intérim,Actif,11
1806,Leconte,Patrick,M,2000-05-12,2021-04-28,Chef de projet,Direction,CDI,Inactif,4
1807,Bouvier,Théophile,M,1990-11-24,2020-11-06,Comptable,RH,CDD,Actif,5
1808,Michaud,Théodore,M,1972-03-23,2016-05-14,Développeur,Direction,CDI,Inactif,9
1809,Benard,Michel,M,1976-03-11,2024-04-17,Chef de projet,RH,CDI,Actif,1
1810,Maillet,Henri,M,1970-03-21,2021-11-19,Ingénieur Système,RH,CDD,Inactif,4
1811,Lucas,Margaux,F,1972-06-21,2014-07-05,Ingénieur Système,Finance,CDD,Actif,11
1812,Schneider,Bertrand,M,1976-11-27,2016-10-19,Chef de projet,IT,CDI,Inactif,9
1813,Lemonnier,David,M,1999-03-19,2017-01-21,Chef de projet,Finance,CDD,Actif,8
1814,Humbert,Théophile,M,1973-10-31,2020-03-24,Comptable,Direction,CDI,Inactif,5
1815,Jacob,Marcel,M,1977-02-02,2018-09-24,Analyste RH,IT,CDD,Actif,7
1816,Bousquet,Diane,F,2002-03-19,2013-04-15,Chef de projet,RH,CDD,Inactif,12
1817,Camus,Guy,M,1973-12-31,2013-08-19,Développeur,IT,Intérim,Inactif,12
1818,Gomes,Maurice,M,1968-02-06,2016-07-22,Comptable,Commercial,CDD,Inactif,9
1819,Petit,Véronique,F,1973-09-28,2013-10-08,Comptable,Commercial,CDI,Actif,12
1820,Jacob,Roger,M,1998-11-05,2021-07-24,Développeur,IT,Intérim,Actif,4
1821,Costa,Lucas,M,1997-11-29,2017-07-09,Comptable,IT,CDI,Actif,8
1822,Lacombe,Simone,F,1997-09-15,2013-04-18,Ingénieur Système,Direction,CDD,Actif,12
1823,Perez,Roland,M,1966-07-21,2023-12-28,Chef de projet,Direction,Intérim,Inactif,2
1824,Samson,Frédéric,M,1984-04-29,2011-01-03,Comptable,Finance,CDD,Actif,14
1825,Paris,Hélène,F,2001-01-13,2015-05-12,Ingénieur Système,Finance,CDI,Actif,10
1826,Roy,Michel,M,2002-12-11,2023-01-30,Ingénieur Système,Finance,CDI,Actif,2
1827,Leleu,Paul,M,2001-11-10,2019-02-21,Comptable,IT,Intérim,Actif,6
1828,Marie,Céline,F,1982-09-06,2023-08-21,Ingénieur Système,Direction,CDD,Actif,2
1829,Devaux,Jules,M,2001-05-03,2024-06-11,Comptable,Direction,Intérim,Actif,1
1830,Boulay,Alice,F,1994-06-27,2019-09-29,Chef de projet,RH,Intérim,Inactif,6
1831,Carpentier,Pauline,F,1971-06-03,2022-12-21,Chef de projet,RH,CDI,Inactif,3
1832,Guibert,Jeanne,F,1984-09-16,2010-12-31,Analyste RH,Direction,Intérim,Inactif,15
1833,Lebreton,Gilles,M,1988-03-03,2024-05-05,Analyste RH,Finance,Intérim,Inactif,1
1834,Fernandez,Matthieu,M,1972-06-09,2023-08-24,Développeur,RH,Intérim,Inactif,2
1835,Gomez,Françoise,F,1988-04-23,2022-07-17,Comptable,Direction,Intérim,Actif,3
1836,Bourdon,Pénélope,F,1975-09-30,2020-12-06,Comptable,Finance,CDI,Inactif,5
1837,Joly,François,M,1978-07-14,2024-02-25,Chef de projet,IT,Intérim,Actif,1
1838,Lopez,Roland,M,1988-04-28,2019-07-04,Chef de projet,Finance,CDI,Inactif,6
1839,Guyot,Théophile,M,2001-02-11,2013-04-25,Développeur,Finance,Intérim,Inactif,12
1840,Breton,Luce,F,1984-02-21,2020-03-11,Chef de projet,IT,CDD,Actif,5
1841,Da Costa,Brigitte,F,1973-09-05,2023-03-18,Analyste RH,Commercial,CDI,Actif,2
1842,Bouchet,Anne,F,1983-04-28,2021-08-10,Ingénieur Système,Commercial,CDD,Actif,4
1843,Marchand,Christelle,F,1981-06-10,2012-12-08,Ingénieur Système,Direction,CDD,Inactif,13
1844,Mendès,Margot,F,1981-04-19,2023-05-28,Comptable,Finance,CDD,Actif,2
1845,Labbé,Nathalie,F,1997-10-04,2012-11-13,Ingénieur Système,RH,CDD,Inactif,13
1846,Verdier,Thomas,M,1982-09-27,2021-02-17,Chef de projet,Direction,CDI,Actif,4
1847,Legros,Laurent,M,1995-03-18,2011-09-26,Chef de projet,Commercial,CDI,Inactif,14
1848,Couturier,Benjamin,M,1991-11-12,2019-03-22,Chef de projet,RH,CDD,Actif,6
1849,Bouvet,Laurence,F,1989-07-26,2018-03-09,Analyste RH,RH,Intérim,Inactif,7
1850,Coulon,Isaac,M,1964-08-14,2023-08-15,Analyste RH,Commercial,Intérim,Actif,2
1851,Peron,Benjamin,M,1995-08-25,2021-04-01,Développeur,Commercial,CDI,Inactif,4
1852,Chartier,Martine,F,1968-10-05,2023-12-27,Comptable,Finance,CDI,Inactif,2
1853,Joubert,Nicole,F,1979-04-11,2017-10-04,Chef de projet,Commercial,CDD,Actif,8
1854,Lecomte,Paul,M,1982-09-22,2015-12-11,Analyste RH,RH,Intérim,Inactif,10
1855,Jacquet,Maggie,F,2001-09-11,2020-04-13,Ingénieur Système,Direction,CDI,Inactif,5
1856,Dumont,Véronique,F,1987-11-04,2022-01-23,Développeur,Finance,Intérim,Inactif,3
1857,Ledoux,Anaïs,F,1967-07-30,2012-02-22,Analyste RH,Finance,Intérim,Actif,13
1858,Toussaint,Suzanne,F,1965-07-23,2012-07-24,Ingénieur Système,Finance,CDD,Actif,13
1859,Barbier,Matthieu,M,1995-07-08,2010-06-18,Ingénieur Système,Finance,CDI,Inactif,15
1860,Gilbert,Émilie,F,1973-06-05,2021-07-04,Comptable,RH,CDD,Actif,4
1861,Hernandez,Constance,F,1983-02-05,2012-01-14,Ingénieur Système,Direction,CDI,Actif,13
1862,Bègue,Maryse,F,1981-06-28,2011-11-08,Chef de projet,IT,Intérim,Actif,14
1863,Guichard,Danielle,F,1967-12-23,2017-03-11,Analyste RH,Direction,Intérim,Actif,8
1864,Toussaint,Manon,F,1980-05-20,2017-10-02,Ingénieur Système,RH,CDI,Inactif,8
1865,Bègue,Bernadette,F,1970-12-05,2010-06-20,Comptable,Commercial,CDI,Inactif,15
1866,Benoit,Olivier,M,1969-10-03,2012-09-15,Comptable,IT,CDD,Actif,13
1867,Allain,Hélène,F,1999-10-19,2022-01-07,Ingénieur Système,Commercial,CDD,Actif,3
1868,Hebert,Adrienne,F,1964-12-31,2022-04-14,Analyste RH,IT,CDD,Actif,3
1869,Le Goff,Célina,F,1993-03-10,2022-04-04,Analyste RH,RH,CDI,Actif,3
1870,Payet,Olivier,M,1969-04-09,2014-05-06,Développeur,Finance,CDI,Inactif,11
1871,Jacob,Benjamin,M,1971-06-03,2012-03-16,Chef de projet,Direction,Intérim,Inactif,13
1872,Bouvier,Michèle,F,1984-10-25,2012-10-13,Chef de projet,RH,CDD,Actif,13
1873,Weber,Christiane,F,1974-03-04,2011-08-13,Comptable,RH,CDI,Inactif,14
1874,Laporte,Adrienne,F,1975-08-15,2017-12-08,Analyste RH,Commercial,CDD,Actif,8
1875,Marty,Frédérique,F,1974-10-02,2017-06-15,Développeur,Commercial,CDI,Actif,8
1876,Chauvet,Zacharie,M,1994-07-22,2014-02-22,Chef de projet,RH,Intérim,Actif,11
1877,Fernandez,Capucine,F,1973-12-24,2023-04-02,Développeur,RH,Intérim,Actif,2
1878,Denis,Théodore,M,1990-08-02,2016-06-06,Chef de projet,Direction,Intérim,Inactif,9
1879,Gilbert,Hugues,M,1973-12-19,2014-08-31,Chef de projet,RH,CDD,Inactif,11
1880,Baron,Tristan,M,1970-03-09,2014-09-03,Analyste RH,Direction,CDD,Actif,11
1881,Lenoir,Lorraine,F,1966-04-11,2021-08-26,Développeur,Commercial,CDD,Inactif,4
1882,Hernandez,Emmanuelle,F,1999-09-07,2020-10-10,Ingénieur Système,RH,CDI,Inactif,5
1883,Grégoire,Élisabeth,F,1991-02-10,2015-06-24,Comptable,Finance,CDI,Inactif,10
1884,Imbert,Anastasie,F,1980-09-26,2018-11-14,Chef de projet,Finance,CDD,Inactif,7
1885,Collin,Cécile,F,1980-11-09,2018-12-13,Ingénieur Système,Commercial,CDD,Actif,7
1886,Diaz,Arnaude,F,2000-05-26,2010-08-27,Comptable,Commercial,CDD,Inactif,15
1887,Alves,Margaud,F,1973-06-07,2017-01-11,Chef de projet,Commercial,Intérim,Actif,8
1888,Colas,Marc,M,1989-04-26,2019-09-29,Comptable,RH,CDI,Inactif,6
1889,Normand,Emmanuel,M,1996-07-03,2023-07-22,Ingénieur Système,RH,CDD,Inactif,2
1890,Legrand,Agnès,F,1969-01-17,2010-09-07,Développeur,IT,CDI,Inactif,15
1891,Charles,Gabrielle,F,1967-02-28,2011-06-24,Analyste RH,IT,Intérim,Inactif,14
1892,Chauvin,Claude,F,1983-12-12,2021-02-21,Analyste RH,Commercial,Intérim,Actif,4
1893,Mendès,Camille,F,1992-09-20,2017-08-28,Développeur,Direction,CDD,Actif,8
1894,Boutin,Luc,M,1970-01-22,2021-05-07,Développeur,Commercial,CDI,Actif,4
1895,Regnier,René,M,1974-11-03,2015-03-04,Analyste RH,Direction,Intérim,Actif,10
1896,Perez,Marcelle,F,1969-10-30,2019-02-24,Ingénieur Système,Finance,CDI,Inactif,6
1897,Martins,Denis,M,2000-12-14,2016-01-04,Analyste RH,RH,CDD,Inactif,9
1898,Michaud,Théodore,M,1968-12-13,2015-09-23,Comptable,RH,CDD,Inactif,10
1899,Rocher,Renée,F,1980-09-09,2011-06-08,Comptable,Direction,Intérim,Actif,14
1900,Moulin,Aurore,F,1994-01-07,2012-06-03,Chef de projet,Commercial,CDD,Inactif,13
1901,De Sousa,Andrée,F,1985-07-01,2021-10-12,Analyste RH,RH,CDI,Inactif,4
1902,Traore,Diane,F,1972-07-30,2010-08-31,Développeur,RH,CDD,Inactif,15
1903,Neveu,Christine,F,1965-03-23,2013-03-28,Ingénieur Système,Commercial,CDD,Inactif,12
1904,Mahe,Jérôme,M,2000-01-16,2019-04-01,Analyste RH,RH,Intérim,Actif,6
1905,Mace,Josette,F,1975-10-24,2016-10-10,Chef de projet,IT,Intérim,Actif,9
1906,Marchand,Juliette,F,1972-06-26,2023-07-29,Développeur,Commercial,CDI,Actif,2
1907,Martinez,Margaret,F,1993-08-31,2015-01-29,Chef de projet,RH,CDD,Actif,10
1908,Hardy,Arthur,M,1982-05-06,2022-07-27,Ingénieur Système,Commercial,Intérim,Inactif,3
1909,Verdier,Thomas,M,1969-09-11,2018-11-21,Analyste RH,Finance,CDD,Inactif,7
1910,Pineau,Dominique,F,1988-12-15,2011-05-24,Développeur,Finance,CDD,Actif,14
1911,Didier,Danielle,F,1989-06-21,2013-02-15,Ingénieur Système,Commercial,CDI,Actif,12
1912,Adam,Caroline,F,1972-04-19,2014-05-03,Comptable,Commercial,CDI,Inactif,11
1913,Traore,Dominique,F,1964-08-16,2011-03-14,Chef de projet,RH,CDI,Inactif,14
1914,Richard,Gérard,M,1967-07-31,2018-06-23,Analyste RH,RH,Intérim,Inactif,7
1915,Marchal,Nathalie,F,1974-08-31,2013-06-30,Développeur,IT,CDD,Inactif,12
1916,Da Silva,Paulette,F,1979-09-24,2015-12-04,Développeur,Direction,CDD,Actif,10
1917,Menard,Marc,M,1986-03-23,2015-01-24,Développeur,Commercial,CDD,Inactif,10
1918,Garnier,Michelle,F,1972-07-29,2018-12-28,Ingénieur Système,Finance,Intérim,Actif,7
1919,Maillet,Anastasie,F,1976-08-27,2014-03-31,Comptable,RH,CDD,Inactif,11
1920,Blondel,Alphonse,M,1991-09-26,2011-08-16,Développeur,IT,CDD,Actif,14
1921,Turpin,Lorraine,F,1985-08-05,2016-01-07,Ingénieur Système,Commercial,CDD,Actif,9
1922,Fernandez,Robert,M,1995-07-14,2010-08-02,Comptable,IT,Intérim,Actif,15
1923,Tessier,Eugène,M,1984-04-17,2020-01-16,Chef de projet,RH,CDI,Inactif,5
1924,Bailly,Jacqueline,F,1996-01-08,2016-09-18,Chef de projet,RH,Intérim,Actif,9
1925,Maury,Virginie,F,1977-10-01,2022-11-29,Développeur,RH,Intérim,Inactif,3
1926,Morvan,Jacqueline,F,1974-09-12,2010-07-23,Développeur,RH,CDD,Inactif,15
1927,Lejeune,Alexandrie,F,1980-04-22,2019-08-31,Comptable,RH,CDI,Inactif,6
1928,Perrot,Adrienne,F,1987-04-01,2010-06-23,Chef de projet,IT,CDD,Inactif,15
1929,Thierry,Michelle,F,1985-05-18,2012-03-20,Comptable,Direction,CDD,Inactif,13
1930,Leclerc,Rémy,M,1980-08-28,2017-08-04,Analyste RH,IT,CDI,Actif,8
1931,Marin,Anne,F,1974-02-20,2022-07-23,Ingénieur Système,Finance,Intérim,Inactif,3
1932,Guyot,Benjamin,M,1967-06-10,2014-05-22,Chef de projet,Commercial,CDD,Actif,11
1933,Dijoux,Lucas,M,1989-10-19,2018-04-01,Développeur,IT,CDI,Actif,7
1934,Letellier,Augustin,M,1970-12-15,2019-01-18,Analyste RH,Commercial,CDD,Inactif,6
1935,Lucas,Timothée,M,1991-04-15,2011-09-21,Analyste RH,Direction,CDD,Actif,14
1936,Allain,Anne,F,1994-01-19,2021-09-20,Comptable,RH,Intérim,Inactif,4
1937,Dumont,Georges,M,1984-04-19,2014-11-21,Ingénieur Système,RH,CDD,Actif,11
1938,Gomes,Louis,M,1986-08-27,2015-11-11,Chef de projet,Commercial,CDI,Inactif,10
1939,Sauvage,Grégoire,M,1980-05-07,2011-09-21,Ingénieur Système,IT,Intérim,Actif,14
1940,Renaud,Christiane,F,1971-11-13,2013-02-03,Chef de projet,Commercial,CDD,Inactif,12
1941,Gautier,Émile,M,1995-01-17,2018-05-18,Analyste RH,Commercial,CDI,Inactif,7
1942,Bouvier,Odette,F,1972-08-31,2019-07-27,Comptable,IT,Intérim,Actif,6
1943,Pelletier,François,M,1995-03-16,2015-09-11,Chef de projet,Finance,CDI,Actif,10
1944,Barthelemy,Julie,F,1972-08-11,2011-12-27,Chef de projet,Finance,CDI,Actif,14
1945,Barbier,Madeleine,F,1967-03-13,2014-02-09,Ingénieur Système,RH,Intérim,Actif,11
1946,Millet,David,M,1970-08-29,2022-07-19,Développeur,Finance,CDI,Inactif,3
1947,Menard,Joseph,M,1991-06-01,2019-03-09,Chef de projet,RH,CDD,Actif,6
1948,Girard,Lucy,F,1982-02-26,2024-05-26,Développeur,Commercial,CDD,Inactif,1
1949,Roger,Alexandre,M,1991-12-21,2018-02-21,Analyste RH,RH,CDI,Inactif,7
1950,Berthelot,Jeanne,F,1970-11-24,2018-04-24,Chef de projet,Commercial,Intérim,Inactif,7
1951,Henry,Daniel,M,1972-09-18,2010-08-27,Comptable,IT,Intérim,Actif,15
1952,Bonnet,Frédéric,M,1973-05-06,2013-10-27,Développeur,Direction,CDI,Actif,12
1953,Maréchal,Michelle,F,1970-03-03,2020-05-10,Analyste RH,IT,CDD,Actif,5
1954,Coste,Josette,F,1969-07-21,2010-10-27,Développeur,IT,CDI,Inactif,15
1955,François,Élodie,F,1994-08-17,2024-03-20,Analyste RH,Finance,CDI,Actif,1
1956,Rodriguez,Bernadette,F,1987-01-05,2012-07-14,Analyste RH,Finance,CDD,Actif,13
1957,Dupont,Susan,F,1967-11-24,2013-04-22,Ingénieur Système,Finance,CDI,Actif,12
1958,Baudry,Martin,M,1991-05-01,2018-11-21,Analyste RH,Finance,Intérim,Inactif,7
1959,Martinez,Laurent,M,1993-06-26,2013-05-22,Développeur,RH,CDI,Inactif,12
1960,Monnier,Franck,M,1977-03-09,2015-02-16,Chef de projet,Finance,CDD,Actif,10
1961,Guyot,Maurice,M,1974-07-26,2011-01-15,Chef de projet,Commercial,CDD,Inactif,14
1962,Bonneau,Jacqueline,F,1984-07-13,2018-12-09,Comptable,Finance,CDD,Actif,7
1963,Bouchet,Valentine,F,1968-08-07,2011-12-11,Ingénieur Système,RH,CDI,Actif,14
1964,Guyot,Léon,M,1973-10-16,2017-08-01,Comptable,Finance,CDI,Actif,8
1965,Bourgeois,Tristan,M,2000-03-26,2014-09-09,Comptable,Finance,CDI,Actif,11
1966,Lombard,Agnès,F,1990-06-25,2023-10-02,Développeur,Direction,CDI,Actif,2
1967,Delannoy,Martine,F,1997-02-03,2019-09-18,Développeur,Commercial,CDD,Actif,6
1968,Vallée,Marie,F,2002-12-11,2018-12-30,Chef de projet,Direction,CDD,Actif,7
1969,Lebrun,Nath,F,1982-11-08,2013-07-05,Chef de projet,Finance,CDD,Inactif,12
1970,Michel,Hugues,M,1979-05-10,2010-12-13,Ingénieur Système,IT,Intérim,Actif,15
1971,Merle,Laurence,F,1968-06-09,2024-03-16,Ingénieur Système,RH,CDI,Inactif,1
1972,Georges,Rémy,M,1988-10-10,2023-06-30,Analyste RH,RH,CDI,Actif,2
1973,Mary,Gabriel,M,1975-04-25,2012-02-26,Développeur,Commercial,Intérim,Actif,13
1974,Hoarau,Vincent,M,1980-11-10,2014-12-26,Développeur,Finance,CDI,Inactif,11
1975,Joubert,Antoine,M,1979-05-20,2020-03-30,Développeur,Finance,CDD,Inactif,5
1976,Chevallier,Joseph,M,1976-04-09,2013-06-12,Chef de projet,Finance,CDD,Inactif,12
1977,Gomez,Margaud,F,1988-11-12,2020-07-06,Analyste RH,Direction,CDD,Inactif,5
1978,Leroy,Joseph,M,2003-01-30,2020-01-15,Comptable,IT,Intérim,Actif,5
1979,Blanchard,Roland,M,1977-04-05,2024-03-27,Ingénieur Système,Commercial,CDI,Inactif,1
1980,Teixeira,Richard,M,1985-06-25,2013-06-08,Ingénieur Système,RH,Intérim,Actif,12
1981,Marin,Alfred,M,1970-08-05,2011-05-29,Développeur,Finance,CDI,Actif,14
1982,Rey,Thibaut,M,1979-05-05,2010-10-15,Analyste RH,RH,CDD,Actif,15
1983,Laine,Olivier,M,1964-06-30,2016-02-04,Chef de projet,Commercial,Intérim,Inactif,9
1984,Bonneau,Eugène,M,1973-05-01,2016-03-31,Ingénieur Système,RH,CDD,Actif,9
1985,Wagner,Emmanuel,M,1986-06-21,2011-06-19,Chef de projet,Commercial,CDI,Actif,14
1986,Simon,David,M,1974-02-02,2023-08-16,Développeur,RH,Intérim,Actif,2
1987,Masson,Mathilde,F,1969-05-21,2016-10-21,Développeur,Commercial,CDI,Actif,9
1988,Fischer,Vincent,M,1991-05-16,2020-06-02,Ingénieur Système,RH,CDD,Inactif,5
1989,Roussel,Jean,M,1984-12-26,2015-12-09,Chef de projet,RH,CDD,Inactif,10
1990,Dufour,Édouard,M,1994-03-07,2023-12-03,Chef de projet,IT,CDI,Inactif,2
1991,Riou,Patrick,M,1986-01-16,2013-05-31,Ingénieur Système,Direction,Intérim,Inactif,12
1992,Neveu,Roger,M,1988-09-24,2014-04-01,Analyste RH,RH,CDI,Actif,11
1993,Chartier,Théodore,M,1976-05-20,2016-11-20,Développeur,Direction,CDD,Inactif,9
1994,Le Gall,William,M,1973-02-12,2013-06-22,Analyste RH,Finance,CDD,Actif,12
1995,Chauveau,Adrien,M,2003-06-07,2017-02-10,Ingénieur Système,RH,CDD,Inactif,8
1996,Pires,Roland,M,1966-08-27,2013-07-19,Analyste RH,IT,CDD,Inactif,12
1997,Marion,Hugues,M,1979-06-26,2021-05-01,Développeur,RH,Intérim,Inactif,4
1998,Moreno,Caroline,F,1998-03-20,2012-11-03,Développeur,Direction,Intérim,Actif,13
1999,Rémy,Astrid,F,1980-08-24,2016-05-08,Développeur,IT,CDD,Actif,9
2000,Julien,Danielle,F,1970-06-28,2024-06-05,Développeur,RH,CDI,Actif,1
